Rk	Player	Nation	Pos	Squad	Age	Born	90s	Gls	Sh	SoT	SoT%	Sh/90	SoT/90	G/Sh	G/SoT	Dist	FK	PK	PKatt	xG	npxG	npxG/Sh	G-xG	np:G-xG	Matches
1	James Abankwah	ie IRL	DF	Udinese	19-135	2004	0.1	0	0	0		0.00	0.00				0	0	0	0.0	0.0		0.0	0.0	Matches
2	Oliver Abildgaard	dk DEN	MF	Hellas Verona	26-355	1996	6.5	0	3	2	66.7	0.46	0.31	0.00	0.00	14.0	0	0	0	0.1	0.1	0.05	-0.1	-0.1	Matches
3	Tammy Abraham	eng ENG	FW	Roma	25-241	1997	24.1	8	62	28	45.2	2.57	1.16	0.13	0.29	12.0	0	0	0	10.8	10.8	0.17	-2.8	-2.8	Matches
4	Christian Acella	it ITA	MF	Cremonese	20-328	2002	0.2	0	0	0		0.00	0.00				0	0	0	0.0	0.0		0.0	0.0	Matches
5	Francesco Acerbi	it ITA	DF	Inter	35-110	1988	26.6	0	18	2	11.1	0.68	0.08	0.00	0.00	15.9	0	0	0	1.0	1.0	0.06	-1.0	-1.0	Matches
6	Yacine Adli	fr FRA	MF,FW	Milan	22-306	2000	1.6	0	2	2	100.0	1.25	1.25	0.00	0.00	18.5	0	0	0	0.1	0.1	0.04	-0.1	-0.1	Matches
7	Michel Aebischer	ch SUI	FW,MF	Bologna	26-145	1997	16.1	1	15	2	13.3	0.93	0.12	0.07	0.50	17.1	1	0	0	1.5	1.5	0.10	-0.5	-0.5	Matches
8	Felix Afena-Gyan	gh GHA	FW,MF	Cremonese	20-132	2003	9.1	0	21	2	9.5	2.32	0.22	0.00	0.00	18.7	0	0	0	1.9	1.9	0.09	-1.9	-1.9	Matches
9	Kevin Agudelo	co COL	MF,FW	Spezia	24-198	1998	23.7	0	28	7	25.0	1.18	0.30	0.00	0.00	21.4	0	0	0	1.5	1.5	0.05	-1.5	-1.5	Matches
10	Ola Aina	ng NGA	DF	Torino	26-235	1996	9.3	1	7	3	42.9	0.75	0.32	0.14	0.33	16.1	0	0	0	0.7	0.7	0.11	+0.3	+0.3	Matches
11	Emanuel Aiwum	at AUT	DF	Cremonese	22-157	2000	17.4	0	3	1	33.3	0.17	0.06	0.00	0.00	17.7	0	0	0	0.2	0.2	0.05	-0.2	-0.2	Matches
12	Jean-Daniel Akpa-Akpro	ci CIV	MF,FW	Empoli	30-232	1992	14.1	1	13	5	38.5	0.92	0.36	0.08	0.20	20.3	0	0	0	1.4	1.4	0.11	-0.4	-0.4	Matches
13	Luis Alberto	es ESP	MF	Lazio	30-245	1992	26.1	5	43	15	34.9	1.65	0.57	0.09	0.27	23.2	4	1	2	4.3	2.6	0.06	+0.7	+1.4	Matches
14	Agustín Álvarez Martínez	uy URU	FW,MF	Sassuolo	22-012	2001	4.1	1	14	4	28.6	3.42	0.98	0.07	0.25	15.8	0	0	0	1.5	1.5	0.11	-0.5	-0.5	Matches
15	Kelvin Amian	fr FRA	DF	Spezia	25-112	1998	25.4	0	26	7	26.9	1.02	0.28	0.00	0.00	16.7	1	0	0	2.7	2.7	0.10	-2.7	-2.7	Matches
16	Bruno Amione	ar ARG	DF	Hellas Verona	21-148	2002	0.6	0	0	0		0.00	0.00				0	0	0	0.0	0.0		0.0	0.0	Matches
17	Bruno Amione	ar ARG	DF	Sampdoria	21-148	2002	22.2	1	12	2	16.7	0.54	0.09	0.08	0.50	11.5	0	0	0	0.9	0.9	0.07	+0.1	+0.1	Matches
18	Ethan Ampadu	wls WAL	DF,MF	Spezia	22-259	2000	28.3	0	16	5	31.3	0.56	0.18	0.00	0.00	18.1	0	0	0	1.1	1.1	0.07	-1.1	-1.1	Matches
19	Sofyan Amrabat	ma MAR	MF	Fiorentina	26-283	1996	21.3	0	13	4	30.8	0.61	0.19	0.00	0.00	26.6	0	0	0	0.5	0.5	0.04	-0.5	-0.5	Matches
20	Felipe Anderson	br BRA	FW	Lazio	30-046	1993	31.9	9	41	23	56.1	1.29	0.72	0.22	0.39	15.1	0	0	0	6.0	6.0	0.15	+3.0	+3.0	Matches
21	Janis Antiste	fr FRA	FW	Sassuolo	20-286	2002	0.6	1	1	1	100.0	1.73	1.73	1.00	1.00	17.3	0	0	0	0.2	0.2	0.18	+0.8	+0.8	Matches
22	Marcos Antônio	br BRA	MF	Lazio	22-352	2000	6.6	1	3	1	33.3	0.46	0.15	0.33	1.00	18.3	0	0	0	1.2	1.2	0.41	-0.2	-0.2	Matches
23	Valentin Antov	bg BUL	DF	Monza	22-203	2000	3.3	0	0	0		0.00	0.00				0	0	0	0.0	0.0		0.0	0.0	Matches
24	Marko Arnautović	at AUT	FW	Bologna	34-042	1989	16.2	9	27	14	51.9	1.67	0.86	0.22	0.43	15.8	0	3	3	6.9	4.5	0.17	+2.1	+1.5	Matches
25	Tolgay Arslan	de GER	MF	Udinese	32-288	1990	12.9	1	24	5	20.8	1.85	0.39	0.04	0.20	21.0	1	0	0	2.2	2.2	0.09	-1.2	-1.2	Matches
26	Arthur	br BRA	FW	Fiorentina	25-036	1998	14.9	7	48	17	35.4	3.22	1.14	0.10	0.29	12.6	0	2	2	7.2	5.7	0.12	-0.2	-0.7	Matches
27	Santiago Ascacíbar	ar ARG	MF	Cremonese	26-095	1997	8.1	0	14	3	21.4	1.73	0.37	0.00	0.00	27.2	0	0	0	0.4	0.4	0.03	-0.4	-0.4	Matches
28	Kristoffer Askildsen	no NOR	MF	Lecce	22-142	2001	8.1	0	10	3	30.0	1.24	0.37	0.00	0.00	24.0	1	0	0	0.5	0.5	0.05	-0.5	-0.5	Matches
29	Kristjan Asllani	al ALB	MF	Inter	21-083	2002	6.5	0	11	0	0.0	1.68	0.00	0.00		27.0	2	0	0	0.5	0.5	0.05	-0.5	-0.5	Matches
30	Emil Audero	it ITA	GK	Sampdoria	26-133	1997	25.0	0	0	0		0.00	0.00				0	0	0	0.0	0.0		0.0	0.0	Matches
31	Tommaso Augello	it ITA	DF	Sampdoria	28-274	1994	33.0	2	11	4	36.4	0.33	0.12	0.18	0.50	14.5	0	0	0	1.0	1.0	0.09	+1.0	+1.0	Matches
32	Kaan Ayhan	tr TUR	DF	Sassuolo	28-202	1994	6.1	0	1	1	100.0	0.17	0.17	0.00	0.00	37.5	0	0	0	0.0	0.0	0.01	0.0	0.0	Matches
33	Jaime Báez	uy URU	DF	Cremonese	28-036	1995	1.1	0	2	0	0.0	1.87	0.00	0.00		23.7	0	0	0	0.1	0.1	0.06	-0.1	-0.1	Matches
34	Nedim Bajrami	al ALB	MF,FW	Empoli	24-092	1999	10.4	1	21	7	33.3	2.01	0.67	0.05	0.14	24.1	6	0	0	1.2	1.2	0.06	-0.2	-0.2	Matches
35	Nedim Bajrami	al ALB	FW	Sassuolo	24-092	1999	8.7	1	23	8	34.8	2.63	0.92	0.04	0.13	20.7	4	0	0	1.9	1.9	0.08	-0.9	-0.9	Matches
36	Tiemoué Bakayoko	fr FRA	MF	Milan	28-287	1994	0.5	0	0	0		0.00	0.00				0	0	0	0.0	0.0		0.0	0.0	Matches
37	Tommaso Baldanzi	it ITA	MF	Empoli	20-069	2003	19.7	4	33	12	36.4	1.68	0.61	0.12	0.33	20.1	0	0	0	2.4	2.4	0.07	+1.6	+1.6	Matches
38	Fodé Ballo-Touré	sn SEN	DF	Milan	26-148	1997	5.8	1	5	3	60.0	0.86	0.52	0.20	0.33	11.4	0	0	0	0.6	0.6	0.12	+0.4	+0.4	Matches
39	Lameck Banda	zm ZAM	FW,MF	Lecce	22-122	2001	17.6	1	33	10	30.3	1.88	0.57	0.03	0.10	19.3	0	0	0	2.8	2.8	0.09	-1.8	-1.8	Matches
40	Filippo Bandinelli	it ITA	MF	Empoli	28-063	1995	24.3	2	24	7	29.2	0.99	0.29	0.08	0.29	23.4	0	0	0	1.7	1.7	0.07	+0.3	+0.3	Matches
41	Antonín Barák	cz CZE	MF	Hellas Verona	28-179	1994	0.3	0	0	0		0.00	0.00				0	0	0	0.0	0.0		0.0	0.0	Matches
42	Antonín Barák	cz CZE	MF	Fiorentina	28-179	1994	20.0	2	32	7	21.9	1.60	0.35	0.06	0.29	17.7	0	0	0	2.6	2.6	0.08	-0.6	-0.6	Matches
43	Andrea Barberis	it ITA	MF	Monza	29-171	1993	3.8	0	2	0	0.0	0.53	0.00	0.00		26.7	0	0	0	0.1	0.1	0.05	-0.1	-0.1	Matches
44	Tommaso Barbieri	it ITA	DF	Juventus	20-278	2002	1.2	0	0	0		0.00	0.00				0	0	0	0.0	0.0		0.0	0.0	Matches
45	Francesco Bardi	it ITA	GK	Bologna	31-133	1992	1.0	0	0	0		0.00	0.00				0	0	0	0.0	0.0		0.0	0.0	Matches
46	Nicolò Barella	it ITA	MF	Inter	26-113	1997	28.6	6	33	13	39.4	1.15	0.45	0.18	0.46	20.6	1	0	0	3.2	3.2	0.10	+2.8	+2.8	Matches
47	Enzo Barrenechea	ar ARG	MF	Juventus	22-009	2001	1.8	0	2	0	0.0	1.14	0.00	0.00		11.4	0	0	0	0.1	0.1	0.03	-0.1	-0.1	Matches
48	Musa Barrow	gm GAM	FW,MF	Bologna	24-198	1998	21.1	3	63	15	23.8	2.98	0.71	0.05	0.20	22.5	1	0	0	2.9	2.9	0.05	+0.1	+0.1	Matches
49	Federico Baschirotto	it ITA	DF	Lecce	26-253	1996	36.0	3	20	5	25.0	0.56	0.14	0.15	0.60	11.8	0	0	0	1.9	1.9	0.09	+1.1	+1.1	Matches
50	Toma Bašić	hr CRO	MF	Lazio	26-187	1996	5.7	1	11	5	45.5	1.93	0.88	0.09	0.20	19.6	0	0	0	1.8	1.8	0.17	-0.8	-0.8	Matches
51	Alberto Basso	it ITA	MF	Cremonese	18-336	2004	0.2	0	1	1	100.0	5.63	5.63	0.00	0.00	13.7	0	0	0	0.0	0.0	0.04	0.0	0.0	Matches
52	Alessandro Bastoni	it ITA	DF	Inter	24-048	1999	23.3	0	12	3	25.0	0.52	0.13	0.00	0.00	13.1	0	0	0	1.0	1.0	0.09	-1.0	-1.0	Matches
53	Simone Bastoni	it ITA	MF,DF	Spezia	26-207	1996	13.2	2	22	7	31.8	1.67	0.53	0.09	0.29	20.9	2	0	0	1.1	1.1	0.05	+0.9	+0.9	Matches
54	Brian Bayeye	fr FRA	DF	Torino	22-335	2000	0.7	0	0	0		0.00	0.00				0	0	0	0.0	0.0		0.0	0.0	Matches
55	Rodrigo Becão	br BRA	DF	Udinese	27-132	1996	27.6	2	19	5	26.3	0.69	0.18	0.11	0.40	12.1	0	0	0	1.5	1.5	0.08	+0.5	+0.5	Matches
56	Julius Beck	dk DEN	MF	Spezia	18-034	2005	0.1	0	0	0		0.00	0.00				0	0	0	0.0	0.0		0.0	0.0	Matches
57	Raoul Bellanova	it ITA	DF	Inter	23-014	2000	5.3	0	4	1	25.0	0.75	0.19	0.00	0.00	8.1	0	0	0	0.6	0.6	0.16	-0.6	-0.6	Matches
58	Andrea Belotti	it ITA	FW	Roma	29-162	1993	12.0	0	18	9	50.0	1.50	0.75	0.00	0.00	12.4	0	0	1	3.4	2.6	0.14	-3.4	-2.6	Matches
59	Marco Benassi	it ITA	DF	Fiorentina	28-265	1994	1.0	0	0	0		0.00	0.00				0	0	0	0.0	0.0		0.0	0.0	Matches
60	Marco Benassi	it ITA	MF	Cremonese	28-265	1994	11.1	0	19	8	42.1	1.72	0.72	0.00	0.00	19.9	0	0	0	1.3	1.3	0.07	-1.3	-1.3	Matches
61	Ismaël Bennacer	dz ALG	MF	Milan	25-181	1997	22.3	2	16	3	18.8	0.72	0.13	0.13	0.67	25.0	3	0	0	1.0	1.0	0.06	+1.0	+1.0	Matches
62	Domenico Berardi	it ITA	FW	Sassuolo	28-303	1994	19.8	11	73	18	24.7	3.68	0.91	0.07	0.28	22.0	4	6	7	10.5	5.0	0.07	+0.5	0.0	Matches
63	Bartosz Bereszyński	pl POL	DF	Sampdoria	30-323	1992	13.3	0	3	0	0.0	0.23	0.00	0.00		21.4	0	0	0	0.1	0.1	0.04	-0.1	-0.1	Matches
64	Bartosz Bereszyński	pl POL	DF	Napoli	30-323	1992	1.7	0	0	0		0.00	0.00				0	0	0	0.0	0.0		0.0	0.0	Matches
65	Beto	gw GNB	FW	Udinese	25-120	1998	22.8	10	59	20	33.9	2.59	0.88	0.15	0.45	13.8	0	1	1	10.6	9.8	0.17	-0.6	-0.8	Matches
66	Matteo Bianchetti	it ITA	DF	Cremonese	30-075	1993	22.8	1	7	4	57.1	0.31	0.18	0.14	0.25	10.9	0	0	0	0.8	0.8	0.11	+0.2	+0.2	Matches
67	Alessandro Bianco	it ITA	MF	Fiorentina	20-242	2002	1.6	0	2	1	50.0	1.25	0.62	0.00	0.00	25.2	0	0	0	0.1	0.1	0.03	-0.1	-0.1	Matches
68	Jaka Bijol	si SVN	DF	Udinese	24-115	1999	30.3	3	20	7	35.0	0.66	0.23	0.15	0.43	9.5	0	0	0	2.2	2.2	0.11	+0.8	+0.8	Matches
69	Cristiano Biraghi	it ITA	DF	Fiorentina	30-272	1992	28.3	2	24	5	20.8	0.85	0.18	0.08	0.40	27.4	15	0	1	1.8	1.1	0.04	+0.2	+0.9	Matches
70	Samuele Birindelli	it ITA	DF	Monza	23-316	1999	15.3	0	14	4	28.6	0.91	0.26	0.00	0.00	17.6	0	0	0	1.1	1.1	0.08	-1.1	-1.1	Matches
71	Kristijan Bistrović	hr CRO	MF	Lecce	25-052	1998	5.1	0	8	1	12.5	1.56	0.20	0.00	0.00	24.4	4	0	0	0.3	0.3	0.04	-0.3	-0.3	Matches
72	Alexis Blin	fr FRA	MF	Lecce	26-257	1996	25.4	1	20	3	15.0	0.79	0.12	0.05	0.33	13.0	0	0	0	2.4	2.4	0.12	-1.4	-1.4	Matches
73	Jeremie Boga	ci CIV	MF,FW	Atalanta	26-148	1997	8.7	2	13	3	23.1	1.50	0.35	0.15	0.67	20.2	2	0	0	1.9	1.9	0.14	+0.1	+0.1	Matches
74	Emil Bohinen	no NOR	MF	Salernitana	24-080	1999	8.6	0	4	0	0.0	0.47	0.00	0.00		25.9	0	0	0	0.1	0.1	0.04	-0.1	-0.1	Matches
75	Giacomo Bonaventura	it ITA	MF	Fiorentina	33-282	1989	20.9	5	49	14	28.6	2.35	0.67	0.10	0.36	19.6	2	0	0	4.3	4.3	0.09	+0.7	+0.7	Matches
76	Federico Bonazzoli	it ITA	FW,MF	Salernitana	26-010	1997	12.4	2	32	7	21.9	2.57	0.56	0.06	0.29	18.9	1	0	0	2.4	2.4	0.07	-0.4	-0.4	Matches
77	Warren Bondo	fr FRA	MF	Monza	19-258	2003	0.7	0	1	0	0.0	1.50	0.00	0.00		21.2	0	0	0	0.1	0.1	0.06	-0.1	-0.1	Matches
78	Kevin Bonifazi	it ITA	DF	Bologna	27-012	1996	9.0	0	2	0	0.0	0.22	0.00	0.00		11.3	0	0	0	0.2	0.2	0.10	-0.2	-0.2	Matches
79	Leonardo Bonucci	it ITA	DF	Juventus	36-030	1987	8.8	1	2	1	50.0	0.23	0.11	0.50	1.00	15.1	0	0	1	0.9	0.1	0.05	+0.1	+0.9	Matches
80	Erik Botheim	no NOR	MF,FW	Salernitana	23-141	2000	8.9	1	7	1	14.3	0.78	0.11	0.14	1.00	13.5	0	0	0	0.6	0.6	0.08	+0.4	+0.4	Matches
81	Mehdi Bourabia	ma MAR	MF	Spezia	31-297	1991	29.8	1	30	5	16.7	1.01	0.17	0.03	0.20	24.3	1	0	0	2.0	2.0	0.07	-1.0	-1.0	Matches
82	Edoardo Bove	it ITA	MF	Roma	21-015	2002	10.3	1	7	2	28.6	0.68	0.19	0.14	0.50	12.9	0	0	0	0.8	0.5	0.07	+0.2	+0.5	Matches
83	Jayden Braaf	nl NED	MF,FW	Hellas Verona	20-273	2002	3.2	0	9	3	33.3	2.82	0.94	0.00	0.00	16.8	0	0	0	0.8	0.8	0.08	-0.8	-0.8	Matches
84	Domagoj Bradarić	hr CRO	DF	Salernitana	23-172	1999	25.0	0	7	0	0.0	0.28	0.00	0.00		23.8	1	0	0	0.2	0.2	0.03	-0.2	-0.2	Matches
85	Josip Brekalo	hr CRO	FW,MF	Fiorentina	24-342	1998	2.5	0	5	0	0.0	1.97	0.00	0.00		22.5	0	0	0	0.7	0.7	0.13	-0.7	-0.7	Matches
86	Gleison Bremer	br BRA	DF	Juventus	26-074	1997	29.3	4	32	7	21.9	1.09	0.24	0.13	0.57	9.3	0	0	0	4.9	4.9	0.15	-0.9	-0.9	Matches
87	Dylan Bronn	tn TUN	DF	Salernitana	27-346	1995	18.7	0	8	1	12.5	0.43	0.05	0.00	0.00	15.8	0	0	0	0.7	0.7	0.08	-0.7	-0.7	Matches
88	Marcelo Brozović	hr CRO	MF	Inter	30-196	1992	18.7	2	23	6	26.1	1.23	0.32	0.09	0.33	21.1	1	0	0	2.3	2.3	0.10	-0.3	-0.3	Matches
89	Cristian Buonaiuto	it ITA	MF,FW	Cremonese	30-153	1992	10.4	0	41	11	26.8	3.95	1.06	0.00	0.00	19.4	6	0	0	2.4	2.4	0.06	-2.4	-2.4	Matches
90	Alessandro Buongiorno	it ITA	DF	Torino	23-359	1999	29.2	1	20	1	5.0	0.68	0.03	0.05	1.00	8.6	0	0	0	2.2	2.2	0.11	-1.2	-1.2	Matches
91	Leonardo Buta	pt POR	DF	Udinese	20-360	2002	0.1	0	0	0		0.00	0.00				0	0	0	0.0	0.0		0.0	0.0	Matches
92	Juan Cabal	co COL	DF	Hellas Verona	22-143	2001	4.0	0	1	1	100.0	0.25	0.25	0.00	0.00	32.6	0	0	0	0.0	0.0	0.02	0.0	0.0	Matches
93	Liberato Cacace	nz NZL	DF	Empoli	22-246	2000	5.5	0	6	1	16.7	1.09	0.18	0.00	0.00	20.4	0	0	0	0.6	0.6	0.09	-0.6	-0.6	Matches
94	Davide Calabria	it ITA	DF	Milan	26-176	1996	17.8	1	13	1	7.7	0.73	0.06	0.08	1.00	23.2	0	0	0	1.1	1.1	0.09	-0.1	-0.1	Matches
95	Mattia Caldara	it ITA	DF	Spezia	29-026	1994	13.9	0	11	4	36.4	0.79	0.29	0.00	0.00	10.5	0	0	0	0.8	0.8	0.07	-0.8	-0.8	Matches
96	Luca Caldirola	it ITA	DF	Monza	32-119	1991	25.1	2	10	4	40.0	0.40	0.16	0.20	0.50	10.9	0	0	0	1.1	1.1	0.11	+0.9	+0.9	Matches
97	Hakan Çalhanoğlu	tr TUR	MF	Inter	29-112	1994	25.7	3	54	15	27.8	2.10	0.58	0.04	0.13	26.5	10	1	1	3.1	2.3	0.04	-0.1	-0.3	Matches
98	Mohamed Camara	gn GUI	MF	Roma	26-092	1997	7.7	0	11	1	9.1	1.42	0.13	0.00	0.00	23.6	1	0	0	0.6	0.6	0.06	-0.6	-0.6	Matches
99	Nicolò Cambiaghi	it ITA	FW,MF	Empoli	22-154	2000	13.3	6	32	13	40.6	2.40	0.97	0.19	0.46	17.2	0	0	0	3.3	3.3	0.10	+2.7	+2.7	Matches
100	Andrea Cambiaso	it ITA	DF	Bologna	23-100	2000	23.1	0	17	5	29.4	0.74	0.22	0.00	0.00	20.5	0	0	0	0.9	0.9	0.05	-0.9	-0.9	Matches
101	Matteo Cancellieri	it ITA	FW	Lazio	21-108	2002	2.8	0	6	1	16.7	2.11	0.35	0.00	0.00	17.8	0	0	0	0.4	0.4	0.06	-0.4	-0.4	Matches
102	Antonio Candreva	it ITA	MF,DF	Salernitana	36-092	1987	29.3	7	44	19	43.2	1.50	0.65	0.16	0.37	21.9	3	0	0	3.6	3.6	0.08	+3.4	+3.4	Matches
103	Gianluca Caprari	it ITA	MF,FW	Monza	29-305	1993	26.2	5	50	13	26.0	1.91	0.50	0.08	0.31	20.0	1	1	1	5.0	4.2	0.08	0.0	-0.2	Matches
104	Francesco Caputo	it ITA	FW	Sampdoria	35-298	1987	12.2	1	19	5	26.3	1.56	0.41	0.05	0.20	14.8	0	0	0	1.9	1.9	0.10	-0.9	-0.9	Matches
105	Francesco Caputo	it ITA	FW	Empoli	35-298	1987	19.0	5	40	15	37.5	2.11	0.79	0.08	0.20	12.7	0	2	2	7.5	5.9	0.16	-2.5	-2.9	Matches
106	Andrea Carboni	it ITA	DF	Monza	22-116	2001	1.9	0	1	1	100.0	0.54	0.54	0.00	0.00	10.8	0	0	0	0.1	0.1	0.05	-0.1	-0.1	Matches
107	Franco Carboni	it ITA	DF,FW	Monza	20-057	2003	0.7	0	1	0	0.0	1.36	0.00	0.00		16.1	0	0	0	0.1	0.1	0.08	-0.1	-0.1	Matches
108	Valentin Carboni	ar ARG	MF,DF	Inter	18-087	2005	0.3	0	0	0		0.00	0.00				0	0	0	0.0	0.0		0.0	0.0	Matches
109	Carlos	br BRA	DF	Monza	24-144	1999	33.3	6	41	16	39.0	1.23	0.48	0.15	0.38	15.0	0	0	0	4.2	4.2	0.10	+1.8	+1.8	Matches
110	Marco Carnesecchi	it ITA	GK	Cremonese	22-334	2000	27.0	0	0	0		0.00	0.00				0	0	0	0.0	0.0		0.0	0.0	Matches
111	Nicolò Casale	it ITA	DF	Lazio	25-106	1998	26.9	1	8	2	25.0	0.30	0.07	0.13	0.50	10.9	0	0	0	0.6	0.6	0.08	+0.4	+0.4	Matches
112	Tommaso Cassandro	it ITA	DF	Lecce	23-142	2000	0.1	0	0	0		0.00	0.00				0	0	0	0.0	0.0		0.0	0.0	Matches
113	Michele Castagnetti	it ITA	MF	Cremonese	33-155	1989	14.9	0	11	1	9.1	0.74	0.07	0.00	0.00	26.3	2	0	0	0.6	0.6	0.06	-0.6	-0.6	Matches
114	Gaetano Castrovilli	it ITA	MF	Fiorentina	26-103	1997	7.0	2	16	7	43.8	2.29	1.00	0.13	0.29	17.5	0	0	0	1.1	1.1	0.07	+0.9	+0.9	Matches
115	Danilo Cataldi	it ITA	MF	Lazio	28-298	1994	21.1	0	7	1	14.3	0.33	0.05	0.00	0.00	28.8	1	0	0	0.2	0.2	0.03	-0.2	-0.2	Matches
116	Pietro Ceccaroni	it ITA	DF	Lecce	27-161	1995	0.5	0	2	0	0.0	4.19	0.00	0.00		17.9	0	0	0	0.1	0.1	0.06	-0.1	-0.1	Matches
117	Federico Ceccherini	it ITA	DF	Hellas Verona	31-020	1992	15.8	2	7	2	28.6	0.44	0.13	0.29	1.00	15.0	0	0	0	0.8	0.8	0.11	+1.2	+1.2	Matches
118	Assan Ceesay	gm GAM	FW	Lecce	29-075	1994	19.6	6	40	9	22.5	2.04	0.46	0.13	0.56	14.7	0	1	1	5.0	4.2	0.11	+1.0	+0.8	Matches
119	Emil Ceide	no NOR	FW	Sassuolo	21-270	2001	5.1	0	9	3	33.3	1.77	0.59	0.00	0.00	15.6	0	0	0	0.8	0.8	0.09	-0.8	-0.8	Matches
120	Zeki Çelik	tr TUR	DF	Roma	26-103	1997	16.2	0	4	1	25.0	0.25	0.06	0.00	0.00	14.7	0	0	0	0.3	0.3	0.08	-0.3	-0.3	Matches
121	Michele Cerofolini	it ITA	GK	Fiorentina	24-147	1999	4.0	0	0	0		0.00	0.00				0	0	0	0.0	0.0		0.0	0.0	Matches
122	Federico Chiesa	it ITA	DF,FW	Juventus	25-218	1997	8.6	1	22	2	9.1	2.56	0.23	0.05	0.50	20.3	1	0	0	1.2	1.2	0.05	-0.2	-0.2	Matches
123	Vlad Chiricheș	ro ROU	DF	Cremonese	33-198	1989	10.8	0	0	0		0.00	0.00				0	0	0	0.0	0.0		0.0	0.0	Matches
124	Daniel Ciofani	it ITA	FW	Cremonese	37-304	1985	11.3	8	28	13	46.4	2.48	1.15	0.18	0.38	15.7	0	3	4	5.5	2.3	0.08	+2.5	+2.7	Matches
125	Tio Cipot	si SVN	FW,DF	Spezia	20-041	2003	1.5	0	2	1	50.0	1.30	0.65	0.00	0.00	30.0	0	0	0	0.0	0.0	0.02	0.0	0.0	Matches
126	Patrick Ciurria	it ITA	DF,MF	Monza	28-111	1995	29.7	6	50	23	46.0	1.68	0.77	0.12	0.26	20.2	0	0	0	4.8	4.8	0.10	+1.2	+1.2	Matches
127	Omar Colley	gm GAM	DF	Sampdoria	30-219	1992	15.4	1	6	4	66.7	0.39	0.26	0.17	0.25	9.0	0	0	0	1.2	1.2	0.20	-0.2	-0.2	Matches
128	Lorenzo Colombo	it ITA	FW	Lecce	21-084	2002	16.3	5	42	11	26.2	2.57	0.67	0.10	0.36	16.8	0	1	2	6.1	4.6	0.11	-1.1	-0.6	Matches
129	Andrea Colpani	it ITA	MF	Monza	24-020	1999	9.8	3	22	7	31.8	2.25	0.72	0.14	0.43	18.8	0	0	0	1.8	1.8	0.08	+1.2	+1.2	Matches
130	Andrea Consigli	it ITA	GK	Sassuolo	36-124	1987	35.0	0	0	0		0.00	0.00				0	0	0	0.0	0.0		0.0	0.0	Matches
131	Andrea Conti	it ITA	DF	Sampdoria	29-090	1994	0.3	0	0	0		0.00	0.00				0	0	0	0.0	0.0		0.0	0.0	Matches
132	Diego Coppola	it ITA	DF	Hellas Verona	19-154	2003	13.1	0	3	0	0.0	0.23	0.00	0.00		11.8	0	0	0	0.3	0.3	0.11	-0.3	-0.3	Matches
133	Joaquín Correa	ar ARG	FW	Inter	28-291	1994	10.6	3	22	8	36.4	2.08	0.76	0.14	0.38	13.6	0	0	0	3.4	3.4	0.16	-0.4	-0.4	Matches
134	Alessandro Cortinovis	it ITA	MF	Hellas Verona	22-126	2001	0.1	0	0	0		0.00	0.00				0	0	0	0.0	0.0		0.0	0.0	Matches
135	Lassana Coulibaly	ml MLI	MF	Salernitana	27-051	1996	31.1	3	13	6	46.2	0.42	0.19	0.23	0.50	19.3	0	0	0	0.7	0.7	0.05	+2.3	+2.3	Matches
136	Alessio Cragno	it ITA	GK	Monza	28-337	1994	1.0	0	0	0		0.00	0.00				0	0	0	0.0	0.0		0.0	0.0	Matches
137	Bryan Cristante	it ITA	MF,DF	Roma	28-089	1995	31.6	1	27	5	18.5	0.85	0.16	0.04	0.20	16.9	0	0	1	2.6	1.8	0.07	-1.6	-0.8	Matches
138	Domen Črnigoj	si SVN	MF	Salernitana	27-194	1995	3.3	0	1	0	0.0	0.30	0.00	0.00		6.9	0	0	0	0.1	0.1	0.10	-0.1	-0.1	Matches
139	Juan Cuadrado	co COL	DF,FW	Juventus	35-005	1988	22.1	1	30	9	30.0	1.36	0.41	0.03	0.11	20.8	5	0	0	1.4	1.4	0.05	-0.4	-0.4	Matches
140	Mickaël Cuisance	fr FRA	MF	Sampdoria	23-288	1999	6.9	0	10	2	20.0	1.46	0.29	0.00	0.00	21.5	1	0	0	0.5	0.5	0.05	-0.5	-0.5	Matches
141	Marco D'Alessandro	it ITA	DF,FW	Monza	32-103	1991	3.2	0	4	1	25.0	1.24	0.31	0.00	0.00	16.1	0	0	0	0.3	0.3	0.08	-0.3	-0.3	Matches
142	Danilo D'Ambrosio	it ITA	DF	Inter	34-264	1988	8.1	0	3	2	66.7	0.37	0.25	0.00	0.00	8.4	0	0	0	0.3	0.3	0.09	-0.3	-0.3	Matches
143	Luca D'Andrea	it ITA	FW	Sassuolo	18-267	2004	3.5	0	7	3	42.9	1.99	0.85	0.00	0.00	17.0	0	0	0	0.3	0.3	0.04	-0.3	-0.3	Matches
144	Flavius Daniliuc	at AUT	DF	Salernitana	22-034	2001	23.4	0	10	4	40.0	0.43	0.17	0.00	0.00	13.1	1	0	0	0.6	0.6	0.07	-0.6	-0.6	Matches
145	Danilo	br BRA	DF	Juventus	31-320	1991	34.4	3	31	5	16.1	0.90	0.15	0.10	0.60	15.1	1	0	0	2.8	2.8	0.09	+0.2	+0.2	Matches
146	Matteo Darmian	it ITA	DF	Inter	33-180	1989	21.5	1	7	1	14.3	0.33	0.05	0.14	1.00	20.5	0	0	0	1.0	1.0	0.14	0.0	0.0	Matches
147	Paweł Dawidowicz	pl POL	DF	Hellas Verona	28-011	1995	18.1	1	11	2	18.2	0.61	0.11	0.09	0.50	10.7	0	0	0	1.1	1.1	0.10	-0.1	-0.1	Matches
148	Charles De Ketelaere	be BEL	MF,FW	Milan	22-082	2001	12.2	0	18	3	16.7	1.48	0.25	0.00	0.00	12.1	0	0	0	2.0	2.0	0.11	-2.0	-2.0	Matches
149	Manuel De Luca	it ITA	FW,MF	Sampdoria	24-318	1998	0.5	0	0	0		0.00	0.00				0	0	0	0.0	0.0		0.0	0.0	Matches
150	Mattia De Sciglio	it ITA	DF	Juventus	30-223	1992	11.6	0	4	0	0.0	0.35	0.00	0.00		27.6	0	0	0	0.1	0.1	0.02	-0.1	-0.1	Matches
151	Lorenzo De Silvestri	it ITA	DF	Bologna	35-008	1988	7.3	1	5	3	60.0	0.69	0.41	0.20	0.33	12.0	0	0	0	0.6	0.6	0.13	+0.4	+0.4	Matches
152	Koni De Winter	be BEL	DF	Empoli	20-353	2002	11.4	0	0	0		0.00	0.00				0	0	0	0.0	0.0		0.0	0.0	Matches
153	Grégoire Defrel	mq MTQ	FW	Sassuolo	31-348	1991	12.6	2	16	10	62.5	1.27	0.79	0.13	0.20	11.8	0	0	0	3.5	3.5	0.22	-1.5	-1.5	Matches
154	Duccio Degl'Innocenti	it ITA	MF	Empoli	20-033	2003	0.0	0	0	0		0.00	0.00				0	0	0	0.0	0.0		0.0	0.0	Matches
155	Merih Demiral	tr TUR	DF	Atalanta	25-087	1998	17.0	1	6	1	16.7	0.35	0.06	0.17	1.00	13.7	0	0	0	0.7	0.7	0.12	+0.3	+0.3	Matches
156	Diego Demme	de GER	MF	Napoli	31-191	1991	1.5	0	0	0		0.00	0.00				0	0	0	0.0	0.0		0.0	0.0	Matches
157	Fabio Depaoli	it ITA	DF	Hellas Verona	26-037	1997	23.1	2	19	4	21.1	0.82	0.17	0.11	0.50	16.0	0	0	0	1.7	1.7	0.09	+0.3	+0.3	Matches
158	Fabio Depaoli	it ITA	DF,MF	Sampdoria	26-037	1997	1.5	0	2	0	0.0	1.32	0.00	0.00		13.6	0	0	0	0.2	0.2	0.09	-0.2	-0.2	Matches
159	Kastriot Dermaku	al ALB	DF	Lecce	31-136	1992	0.4	0	0	0		0.00	0.00				0	0	0	0.0	0.0		0.0	0.0	Matches
160	Cyriel Dessers	ng NGA	FW	Cremonese	28-174	1994	17.6	6	49	12	24.5	2.78	0.68	0.12	0.50	13.6	0	0	1	7.1	6.4	0.13	-1.1	-0.4	Matches
161	Sergiño Dest	us USA	DF	Milan	22-209	2000	3.7	0	2	1	50.0	0.55	0.27	0.00	0.00	20.3	0	0	0	0.3	0.3	0.15	-0.3	-0.3	Matches
162	Mattia Destro	it ITA	FW,MF	Empoli	32-072	1991	6.2	1	20	7	35.0	3.25	1.14	0.05	0.14	14.8	0	0	0	1.4	1.4	0.07	-0.4	-0.4	Matches
163	Gerard Deulofeu	es ESP	FW	Udinese	29-079	1994	13.5	2	44	12	27.3	3.27	0.89	0.05	0.17	17.4	10	0	0	5.1	5.1	0.11	-3.1	-3.1	Matches
164	Samuel Di Carmine	it ITA	FW,MF	Cremonese	34-244	1988	0.3	0	1	0	0.0	3.21	0.00	0.00		11.0	0	0	0	0.1	0.1	0.09	-0.1	-0.1	Matches
165	Federico Di Francesco	it ITA	FW,MF	Lecce	28-351	1994	22.6	2	39	16	41.0	1.73	0.71	0.05	0.13	17.4	1	0	0	3.3	3.3	0.08	-1.3	-1.3	Matches
166	Michele Di Gregorio	it ITA	GK	Monza	25-308	1997	36.0	0	0	0		0.00	0.00				0	0	0	0.0	0.0		0.0	0.0	Matches
167	Giovanni Di Lorenzo	it ITA	DF	Napoli	29-300	1993	35.2	3	31	13	41.9	0.88	0.37	0.10	0.23	11.8	0	0	0	2.7	2.7	0.09	+0.3	+0.3	Matches
168	Ángel Di María	ar ARG	FW,MF	Juventus	35-106	1988	14.8	4	34	11	32.4	2.30	0.74	0.09	0.27	21.4	1	1	1	2.9	2.2	0.06	+1.1	+0.8	Matches
169	Boulaye Dia	sn SEN	FW,MF	Salernitana	26-196	1996	28.0	16	47	21	44.7	1.68	0.75	0.32	0.71	15.0	0	1	1	8.8	8.0	0.17	+7.2	+7.0	Matches
170	Brahim Díaz	es ESP	MF,FW	Milan	23-301	1999	20.6	6	35	16	45.7	1.70	0.78	0.17	0.38	14.5	1	0	0	6.0	6.0	0.17	0.0	0.0	Matches
171	Federico Dimarco	it ITA	DF	Inter	25-202	1997	23.0	4	49	15	30.6	2.13	0.65	0.08	0.27	20.7	7	0	0	3.1	3.1	0.06	+0.9	+0.9	Matches
172	Koffi Djidji	ci CIV	DF	Torino	30-182	1992	26.9	1	8	4	50.0	0.30	0.15	0.13	0.25	12.2	0	0	0	0.9	0.9	0.12	+0.1	+0.1	Matches
173	Berat Djimsiti	al ALB	DF	Atalanta	30-101	1993	19.0	0	4	0	0.0	0.21	0.00	0.00		7.7	0	0	0	0.5	0.5	0.12	-0.5	-0.5	Matches
174	Dodô	br BRA	DF	Fiorentina	24-195	1998	25.1	1	11	4	36.4	0.44	0.16	0.09	0.25	20.5	0	0	0	0.7	0.7	0.06	+0.3	+0.3	Matches
175	Josh Doig	sct SCO	DF	Hellas Verona	21-013	2002	15.0	2	18	6	33.3	1.20	0.40	0.11	0.33	16.1	0	0	0	1.8	1.8	0.10	+0.2	+0.2	Matches
176	Nicolás Domínguez	ar ARG	MF	Bologna	24-337	1998	25.5	3	42	17	40.5	1.64	0.67	0.07	0.18	22.5	0	0	0	2.6	2.6	0.06	+0.4	+0.4	Matches
177	Giulio Donati	it ITA	DF	Monza	33-115	1990	4.7	1	2	1	50.0	0.43	0.21	0.50	1.00	19.2	0	0	0	0.4	0.4	0.20	+0.6	+0.6	Matches
178	Bartłomiej Drągowski	pl POL	GK	Spezia	25-285	1997	32.7	0	0	0		0.00	0.00				0	0	0	0.0	0.0		0.0	0.0	Matches
179	Ondrej Duda	sk SVK	MF	Hellas Verona	28-177	1994	11.8	0	13	4	30.8	1.10	0.34	0.00	0.00	22.6	1	0	0	0.8	0.8	0.07	-0.8	-0.8	Matches
180	Denzel Dumfries	nl NED	DF	Inter	27-043	1996	23.6	1	32	13	40.6	1.35	0.55	0.03	0.08	11.4	0	0	0	3.5	3.5	0.11	-2.5	-2.5	Matches
181	Alfred Duncan	gh GHA	MF	Fiorentina	30-082	1993	11.6	1	9	2	22.2	0.77	0.17	0.11	0.50	24.1	0	0	0	0.5	0.5	0.05	+0.5	+0.5	Matches
182	Paulo Dybala	ar ARG	MF,FW	Roma	29-197	1993	18.3	11	56	17	30.4	3.06	0.93	0.13	0.41	20.3	3	4	4	8.3	5.1	0.09	+2.7	+1.9	Matches
183	Edin Džeko	ba BIH	FW	Inter	37-075	1986	18.8	9	71	24	33.8	3.77	1.27	0.13	0.38	14.3	0	0	0	9.6	9.6	0.13	-0.6	-0.6	Matches
184	Festy Ebosele	ie IRL	DF	Udinese	20-302	2002	4.6	0	4	1	25.0	0.88	0.22	0.00	0.00	21.5	0	0	0	0.2	0.2	0.05	-0.2	-0.2	Matches
185	Enzo Ebosse	cm CMR	DF	Udinese	24-081	1999	10.3	0	3	0	0.0	0.29	0.00	0.00		26.4	0	0	0	0.1	0.1	0.03	-0.1	-0.1	Matches
186	Tyronne Ebuehi	ng NGA	DF	Empoli	27-166	1995	21.4	2	19	4	21.1	0.89	0.19	0.11	0.50	10.9	0	0	0	3.1	3.1	0.16	-1.1	-1.1	Matches
187	Éderson	br BRA	MF	Atalanta	23-328	1999	23.6	1	35	9	25.7	1.48	0.38	0.03	0.11	21.5	0	0	0	1.9	1.9	0.06	-0.9	-0.9	Matches
188	Kingsley Ehizibue	nl NED	DF	Udinese	28-006	1995	17.1	2	13	6	46.2	0.76	0.35	0.15	0.33	15.1	0	0	0	2.0	2.0	0.16	0.0	0.0	Matches
189	Albin Ekdal	se SWE	MF	Spezia	33-307	1989	19.2	0	19	4	21.1	0.99	0.21	0.00	0.00	14.4	0	0	0	2.9	2.9	0.16	-2.9	-2.9	Matches
190	Emmanuel Ekong	se SWE	FW,MF	Empoli	20-340	2002	0.2	0	1	0	0.0	4.50	0.00	0.00		28.2	0	0	0	0.0	0.0	0.04	0.0	0.0	Matches
191	Mikael Ellertsson	is ISL	MF,DF	Spezia	21-081	2002	1.9	0	2	0	0.0	1.05	0.00	0.00		21.8	0	0	0	0.1	0.1	0.07	-0.1	-0.1	Matches
192	Elif Elmas	mk MKD	FW,MF	Napoli	23-249	1999	17.3	6	29	9	31.0	1.67	0.52	0.17	0.56	17.2	1	1	1	3.9	3.1	0.11	+2.1	+1.9	Matches
193	Martin Erlic	hr CRO	DF	Sassuolo	25-127	1998	25.9	0	4	0	0.0	0.15	0.00	0.00		8.8	0	0	0	0.5	0.5	0.12	-0.5	-0.5	Matches
194	Gonzalo Escalante	ar ARG	MF	Cremonese	30-065	1993	6.2	0	6	1	16.7	0.97	0.16	0.00	0.00	17.9	0	0	0	0.2	0.2	0.03	-0.2	-0.2	Matches
195	Salvatore Esposito	it ITA	MF	Spezia	22-236	2000	9.8	1	13	2	15.4	1.33	0.20	0.08	0.50	27.9	10	0	0	0.7	0.7	0.05	+0.3	+0.3	Matches
196	Nicolò Fagioli	it ITA	MF	Juventus	22-108	2001	16.9	3	13	8	61.5	0.77	0.47	0.23	0.38	19.7	0	0	0	1.5	1.5	0.12	+1.5	+1.5	Matches
197	Wladimiro Falcone	it ITA	GK	Lecce	28-049	1995	37.0	0	0	0		0.00	0.00				0	0	0	0.0	0.0		0.0	0.0	Matches
198	Davide Faraoni	it ITA	DF	Hellas Verona	31-218	1991	15.5	1	19	4	21.1	1.22	0.26	0.05	0.25	19.5	0	0	0	2.1	2.1	0.11	-1.1	-1.1	Matches
199	Federico Fazio	ar ARG	DF	Salernitana	36-075	1987	11.9	1	11	2	18.2	0.92	0.17	0.09	0.50	10.7	0	0	0	0.7	0.7	0.06	+0.3	+0.3	Matches
200	Jacopo Fazzini	it ITA	MF	Empoli	20-076	2003	8.3	0	14	1	7.1	1.70	0.12	0.00	0.00	20.5	1	0	0	1.0	1.0	0.07	-1.0	-1.0	Matches
201	Lewis Ferguson	sct SCO	MF,FW	Bologna	23-280	1999	25.4	6	41	16	39.0	1.61	0.63	0.15	0.38	15.7	0	0	0	4.5	4.5	0.11	+1.5	+1.5	Matches
202	Alex Ferrari	it ITA	DF	Sampdoria	28-334	1994	9.6	0	5	0	0.0	0.52	0.00	0.00		20.0	0	0	0	0.2	0.2	0.04	-0.2	-0.2	Matches
203	Alex Ferrari	it ITA	DF	Cremonese	28-334	1994	11.2	0	0	0		0.00	0.00				0	0	0	0.0	0.0		0.0	0.0	Matches
204	Salvador Ferrer	es ESP	DF	Spezia	25-130	1998	1.5	0	0	0		0.00	0.00				0	0	0	0.0	0.0		0.0	0.0	Matches
205	Vincenzo Fiorillo	it ITA	GK	Salernitana	33-138	1990	1.0	0	0	0		0.00	0.00				0	0	0	0.0	0.0		0.0	0.0	Matches
206	Alessandro Florenzi	it ITA	DF	Milan	32-081	1991	2.2	0	5	1	20.0	2.30	0.46	0.00	0.00	16.2	1	0	0	0.8	0.8	0.15	-0.8	-0.8	Matches
207	Davide Frattesi	it ITA	MF	Sassuolo	23-221	1999	31.9	7	64	24	37.5	2.01	0.75	0.11	0.29	13.9	0	0	0	7.8	7.8	0.12	-0.8	-0.8	Matches
208	Matteo Gabbia	it ITA	DF	Milan	23-222	1999	6.8	0	1	0	0.0	0.15	0.00	0.00		19.8	0	0	0	0.0	0.0	0.04	0.0	0.0	Matches
209	Manolo Gabbiadini	it ITA	FW,MF	Sampdoria	31-186	1991	25.2	7	72	28	38.9	2.85	1.11	0.10	0.25	19.3	6	0	0	7.4	7.4	0.10	-0.4	-0.4	Matches
210	Gianluca Gaetano	it ITA	MF	Napoli	23-026	2000	0.6	1	4	2	50.0	6.92	3.46	0.25	0.50	17.2	0	0	0	0.7	0.7	0.18	+0.3	+0.3	Matches
211	Roberto Gagliardini	it ITA	MF	Inter	29-054	1994	7.7	0	13	2	15.4	1.69	0.26	0.00	0.00	16.2	0	0	0	0.7	0.7	0.06	-0.7	-0.7	Matches
212	Adolfo Gaich	ar ARG	FW	Hellas Verona	24-094	1999	7.9	2	23	8	34.8	2.90	1.01	0.09	0.25	16.0	0	0	0	2.5	2.5	0.11	-0.5	-0.5	Matches
213	Pablo Galdames Millán	cl CHI	MF	Cremonese	26-152	1996	8.0	1	7	4	57.1	0.88	0.50	0.14	0.25	23.3	1	0	0	0.3	0.3	0.05	+0.7	+0.7	Matches
214	Antonino Gallo	it ITA	DF	Lecce	23-146	2000	26.9	0	8	1	12.5	0.30	0.04	0.00	0.00	24.8	0	0	0	0.6	0.6	0.07	-0.6	-0.6	Matches
215	Federico Gatti	it ITA	DF	Juventus	24-341	1998	15.1	0	11	3	27.3	0.73	0.20	0.00	0.00	16.7	0	0	0	0.5	0.5	0.04	-0.5	-0.5	Matches
216	Valentin Gendrey	fr FRA	DF	Lecce	22-344	2000	33.4	0	9	0	0.0	0.27	0.00	0.00		23.0	0	0	0	0.6	0.6	0.06	-0.6	-0.6	Matches
217	Paolo Ghiglione	it ITA	DF	Cremonese	26-118	1997	7.0	1	6	2	33.3	0.86	0.29	0.17	0.50	18.0	0	0	0	0.6	0.6	0.11	+0.4	+0.4	Matches
218	Mario Gila	es ESP	DF	Lazio	22-275	2000	1.0	0	0	0		0.00	0.00				0	0	0	0.0	0.0		0.0	0.0	Matches
219	Gvidas Gineitis	lt LTU	MF	Torino	19-046	2004	1.5	0	1	0	0.0	0.66	0.00	0.00		27.7	0	0	0	0.0	0.0	0.02	0.0	0.0	Matches
220	Olivier Giroud	fr FRA	FW	Milan	36-243	1986	22.8	12	76	28	36.8	3.34	1.23	0.13	0.36	12.6	6	2	2	11.7	10.3	0.14	+0.3	-0.3	Matches
221	Pierluigi Gollini	it ITA	GK	Fiorentina	28-074	1995	3.0	0	0	0		0.00	0.00				0	0	0	0.0	0.0		0.0	0.0	Matches
222	Pierluigi Gollini	it ITA	GK	Napoli	28-074	1995	4.0	0	0	0		0.00	0.00				0	0	0	0.0	0.0		0.0	0.0	Matches
223	Joan Gonzàlez	es ESP	MF	Lecce	21-119	2002	24.4	1	17	4	23.5	0.70	0.16	0.06	0.25	16.4	0	0	0	1.5	1.5	0.09	-0.5	-0.5	Matches
224	Nicolás González	ar ARG	FW,MF	Fiorentina	25-055	1998	14.7	5	56	16	28.6	3.82	1.09	0.05	0.19	17.5	0	2	2	6.3	5.0	0.09	-1.3	-2.0	Matches
225	Robin Gosens	de GER	DF	Inter	28-330	1994	12.3	3	26	5	19.2	2.11	0.41	0.12	0.60	12.7	0	0	0	3.0	3.0	0.11	0.0	0.0	Matches
226	Alberto Grassi	it ITA	MF	Empoli	28-085	1995	12.6	0	9	3	33.3	0.71	0.24	0.00	0.00	15.6	0	0	0	0.5	0.5	0.06	-0.5	-0.5	Matches
227	Andrew Gravillon	gp GLP	DF	Torino	25-112	1998	3.5	0	1	0	0.0	0.29	0.00	0.00		26.5	0	0	0	0.0	0.0	0.01	0.0	0.0	Matches
228	Koray Günter	de GER	DF	Hellas Verona	28-288	1994	11.1	1	9	1	11.1	0.81	0.09	0.11	1.00	14.2	0	0	0	0.9	0.9	0.10	+0.1	+0.1	Matches
229	Koray Günter	de GER	DF	Sampdoria	28-288	1994	8.1	0	1	0	0.0	0.12	0.00	0.00		9.6	0	0	0	0.1	0.1	0.07	-0.1	-0.1	Matches
230	Emmanuel Gyasi	gh GHA	FW,DF	Spezia	29-140	1994	30.3	2	34	13	38.2	1.12	0.43	0.06	0.15	13.7	0	0	0	4.0	4.0	0.12	-2.0	-2.0	Matches
231	Norbert Gyömbér	sk SVK	DF	Salernitana	30-332	1992	18.5	0	8	0	0.0	0.43	0.00	0.00		12.9	0	0	0	0.7	0.7	0.09	-0.7	-0.7	Matches
232	Christian Gytkjær	dk DEN	FW,MF	Monza	33-025	1990	6.2	1	12	5	41.7	1.93	0.81	0.08	0.20	12.8	1	0	1	3.9	3.1	0.26	-2.9	-2.1	Matches
233	Nicolas Haas	ch SUI	MF	Empoli	27-128	1996	12.7	1	8	3	37.5	0.63	0.24	0.13	0.33	16.5	0	0	0	1.2	1.2	0.15	-0.2	-0.2	Matches
234	Samir Handanović	si SVN	GK	Inter	38-321	1984	13.0	0	0	0		0.00	0.00				0	0	0	0.0	0.0		0.0	0.0	Matches
235	Abdou Harroui	nl NED	MF	Sassuolo	25-138	1998	6.2	2	14	4	28.6	2.26	0.65	0.14	0.50	23.4	0	0	0	1.5	1.5	0.10	+0.5	+0.5	Matches
236	Hans Hateboer	nl NED	DF	Atalanta	29-142	1994	15.5	1	12	4	33.3	0.77	0.26	0.08	0.25	10.5	0	0	0	1.3	1.3	0.11	-0.3	-0.3	Matches
237	Liam Henderson	sct SCO	MF	Empoli	27-036	1996	10.8	0	12	5	41.7	1.11	0.46	0.00	0.00	23.5	1	0	0	0.5	0.5	0.04	-0.5	-0.5	Matches
238	Jack Hendry	sct SCO	DF	Cremonese	28-024	1995	2.4	0	0	0		0.00	0.00				0	0	0	0.0	0.0		0.0	0.0	Matches
239	Matheus Henrique	br BRA	MF	Sassuolo	25-163	1997	20.6	4	25	12	48.0	1.21	0.58	0.16	0.33	16.9	0	0	0	2.9	2.9	0.11	+1.1	+1.1	Matches
240	Thomas Henry	fr FRA	FW	Hellas Verona	28-253	1994	11.4	2	18	5	27.8	1.57	0.44	0.11	0.40	17.4	0	0	0	1.7	1.7	0.10	+0.3	+0.3	Matches
241	Theo Hernández	fr FRA	DF	Milan	25-237	1997	29.8	4	50	11	22.0	1.68	0.37	0.06	0.27	22.9	4	1	1	4.0	3.2	0.06	0.0	-0.2	Matches
242	Isak Hien	se SWE	DF	Hellas Verona	24-138	1999	28.0	0	3	0	0.0	0.11	0.00	0.00		8.6	0	0	0	0.3	0.3	0.09	-0.3	-0.3	Matches
243	Morten Hjulmand	dk DEN	MF	Lecce	23-340	1999	31.9	0	16	4	25.0	0.50	0.13	0.00	0.00	26.0	0	0	0	0.6	0.6	0.04	-0.6	-0.6	Matches
244	Emil Holm	se SWE	DF	Spezia	23-018	2000	15.5	1	15	5	33.3	0.97	0.32	0.07	0.20	14.9	0	0	0	1.2	1.2	0.08	-0.2	-0.2	Matches
245	Martin Hongla	cm CMR	MF	Hellas Verona	25-076	1998	5.8	0	5	2	40.0	0.86	0.34	0.00	0.00	28.1	0	0	0	0.2	0.2	0.03	-0.2	-0.2	Matches
246	Petko Hristov	bg BUL	DF	Spezia	24-091	1999	4.1	0	1	0	0.0	0.25	0.00	0.00		10.0	0	0	0	0.1	0.1	0.08	-0.1	-0.1	Matches
247	Ajdin Hrustic	au AUS	MF	Hellas Verona	26-330	1996	2.5	0	3	0	0.0	1.19	0.00	0.00		19.4	0	0	0	0.3	0.3	0.11	-0.3	-0.3	Matches
248	Elseid Hysaj	al ALB	DF	Lazio	29-100	1994	21.2	1	4	2	50.0	0.19	0.09	0.25	0.50	20.8	0	0	0	0.2	0.2	0.04	+0.8	+0.8	Matches
249	Rasmus Højlund	dk DEN	FW	Atalanta	20-116	2003	19.5	8	49	25	51.0	2.52	1.28	0.16	0.32	13.0	0	0	0	8.2	8.2	0.17	-0.2	-0.2	Matches
250	Roger Ibanez	br BRA	DF	Roma	24-189	1998	31.1	3	29	10	34.5	0.93	0.32	0.10	0.30	12.3	0	0	0	3.0	3.0	0.10	0.0	0.0	Matches
251	Zlatan Ibrahimović	se SWE	FW	Milan	41-240	1981	1.6	1	5	2	40.0	3.08	1.23	0.00	0.00	24.8	1	1	1	1.2	0.4	0.08	-0.2	-0.4	Matches
252	Antonio Iervolino	it ITA	MF	Salernitana	20-150	2003	0.1	0	0	0		0.00	0.00				0	0	0	0.0	0.0		0.0	0.0	Matches
253	Igor	br BRA	DF	Fiorentina	25-113	1998	22.9	0	7	0	0.0	0.31	0.00	0.00		12.4	0	0	0	0.5	0.5	0.08	-0.5	-0.5	Matches
254	Jonathan Ikone	fr FRA	FW	Fiorentina	25-029	1998	21.5	4	47	8	17.0	2.19	0.37	0.09	0.50	16.7	0	0	0	3.8	3.8	0.08	+0.2	+0.2	Matches
255	Ivan Ilić	rs SRB	MF	Hellas Verona	22-075	2001	9.5	0	9	2	22.2	0.95	0.21	0.00	0.00	21.6	0	0	0	0.4	0.4	0.04	-0.4	-0.4	Matches
256	Ivan Ilić	rs SRB	MF	Torino	22-075	2001	12.2	2	5	2	40.0	0.41	0.16	0.40	1.00	27.2	0	0	0	0.2	0.2	0.04	+1.8	+1.8	Matches
257	Samuel Iling-Junior	eng ENG	DF,FW	Juventus	19-239	2003	3.0	1	4	1	25.0	1.33	0.33	0.25	1.00	22.4	0	0	0	0.7	0.7	0.19	+0.3	+0.3	Matches
258	Emirhan İlkhan	tr TUR	MF	Torino	18-364	2004	1.0	0	2	0	0.0	2.07	0.00	0.00		31.8	0	0	0	0.0	0.0	0.02	0.0	0.0	Matches
259	Emirhan İlkhan	tr TUR	MF	Sampdoria	18-364	2004	1.2	0	1	0	0.0	0.83	0.00	0.00		27.3	0	0	0	0.0	0.0	0.03	0.0	0.0	Matches
260	Ciro Immobile	it ITA	FW	Lazio	33-100	1990	23.7	12	65	27	41.5	2.75	1.14	0.12	0.30	15.2	0	4	5	13.5	9.6	0.15	-1.5	-1.6	Matches
261	Ardian Ismajli	al ALB	DF	Empoli	26-243	1996	23.3	0	9	2	22.2	0.39	0.09	0.00	0.00	12.0	0	0	0	0.7	0.7	0.08	-0.7	-0.7	Matches
262	Armando Izzo	it ITA	DF	Monza	31-090	1992	26.7	1	16	4	25.0	0.60	0.15	0.06	0.25	10.4	0	0	0	2.1	2.1	0.13	-1.1	-1.1	Matches
263	Mato Jajalo	ba BIH	MF	Udinese	35-006	1988	0.7	0	2	0	0.0	2.86	0.00	0.00		26.3	0	0	0	0.0	0.0	0.02	0.0	0.0	Matches
264	Jesé	es ESP	FW	Sampdoria	30-094	1993	2.3	1	3	2	66.7	1.29	0.86	0.33	0.50	20.4	0	0	0	0.3	0.3	0.10	+0.7	+0.7	Matches
265	Juan Jesus	br BRA	DF	Napoli	31-355	1991	10.4	1	5	1	20.0	0.48	0.10	0.20	1.00	17.3	0	0	0	0.2	0.2	0.04	+0.8	+0.8	Matches
266	Þórir Jóhann Helgason	is ISL	MF	Lecce	22-245	2000	2.5	0	2	0	0.0	0.81	0.00	0.00		32.6	1	0	0	0.1	0.1	0.03	-0.1	-0.1	Matches
267	Luka Jović	rs SRB	FW,MF	Fiorentina	25-159	1997	17.0	6	56	19	33.9	3.29	1.11	0.11	0.32	13.3	0	0	1	7.9	7.1	0.13	-1.9	-1.1	Matches
268	Hamed Junior Traorè	ci CIV	MF,FW	Sassuolo	23-104	2000	6.6	0	8	4	50.0	1.22	0.61	0.00	0.00	20.1	2	0	0	1.0	1.0	0.12	-1.0	-1.0	Matches
269	Yayah Kallon	sl SLE	MF,FW	Hellas Verona	21-335	2001	9.6	1	20	6	30.0	2.09	0.63	0.05	0.17	19.4	0	0	0	1.7	1.7	0.08	-0.7	-0.7	Matches
270	Pierre Kalulu	fr FRA	DF	Milan	22-360	2000	28.3	1	11	2	18.2	0.39	0.07	0.09	0.50	10.0	0	0	0	1.5	1.5	0.14	-0.5	-0.5	Matches
271	Yann Karamoh	fr FRA	MF,FW	Torino	24-327	1998	7.6	4	19	11	57.9	2.51	1.45	0.21	0.36	15.4	0	0	0	3.2	3.2	0.17	+0.8	+0.8	Matches
272	Rick Karsdorp	nl NED	DF	Roma	28-109	1995	7.9	0	2	0	0.0	0.25	0.00	0.00		19.4	0	0	0	0.3	0.3	0.14	-0.3	-0.3	Matches
273	Denso Kasius	nl NED	DF	Bologna	20-237	2002	3.8	0	4	0	0.0	1.05	0.00	0.00		23.9	0	0	0	0.1	0.1	0.03	-0.1	-0.1	Matches
274	Grigoris Kastanos	cy CYP	MF,DF	Salernitana	25-121	1998	13.3	2	29	9	31.0	2.18	0.68	0.07	0.22	22.1	0	0	0	1.8	1.8	0.06	+0.2	+0.2	Matches
275	Moise Kean	it ITA	FW	Juventus	23-092	2000	10.9	6	38	14	36.8	3.48	1.28	0.16	0.43	14.4	0	0	0	6.3	6.3	0.16	-0.3	-0.3	Matches
276	Jakub Kiwior	pl POL	DF	Spezia	23-105	2000	16.0	0	10	2	20.0	0.62	0.12	0.00	0.00	16.6	1	0	0	0.6	0.6	0.06	-0.6	-0.6	Matches
277	Simon Kjær	dk DEN	DF	Milan	34-066	1989	11.2	0	0	0		0.00	0.00				0	0	0	0.0	0.0		0.0	0.0	Matches
278	Teun Koopmeiners	nl NED	MF	Atalanta	25-092	1998	30.8	7	49	19	38.8	1.59	0.62	0.10	0.26	22.2	6	2	4	6.2	2.9	0.06	+0.8	+2.1	Matches
279	Filip Kostić	rs SRB	DF,FW	Juventus	30-211	1992	28.0	3	37	11	29.7	1.32	0.39	0.08	0.27	19.6	0	0	0	2.4	2.4	0.06	+0.6	+0.6	Matches
280	Christian Kouamé	ci CIV	FW	Fiorentina	25-176	1997	20.1	4	42	13	31.0	2.09	0.65	0.10	0.31	13.8	1	0	0	5.3	5.3	0.13	-1.3	-1.3	Matches
281	Viktor Kovalenko	ua UKR	MF	Spezia	27-106	1996	6.1	0	11	1	9.1	1.81	0.16	0.00	0.00	15.4	1	0	0	1.6	1.6	0.15	-1.6	-1.6	Matches
282	Julian Kristoffersen	no NOR	FW	Salernitana	26-021	1997	0.2	0	0	0		0.00	0.00				0	0	0	0.0	0.0		0.0	0.0	Matches
283	Raimonds Krollis	lv LVA	FW	Spezia	21-215	2001	0.4	0	2	1	50.0	5.29	2.65	0.00	0.00	18.3	0	0	0	0.1	0.1	0.05	-0.1	-0.1	Matches
284	Rade Krunić	ba BIH	MF	Milan	29-236	1993	17.6	0	14	2	14.3	0.79	0.11	0.00	0.00	14.9	0	0	0	1.1	1.1	0.08	-1.1	-1.1	Matches
285	Marash Kumbulla	al ALB	DF	Roma	23-112	2000	2.9	0	1	0	0.0	0.35	0.00	0.00		13.8	0	0	0	0.0	0.0	0.02	0.0	0.0	Matches
286	Khvicha Kvaratskhelia	ge GEO	FW	Napoli	22-108	2001	27.0	12	81	30	37.0	3.00	1.11	0.12	0.33	19.0	3	2	2	8.1	6.5	0.08	+3.9	+3.5	Matches
287	Giorgos Kyriakopoulos	gr GRE	DF,FW	Bologna	27-115	1996	7.8	0	7	3	42.9	0.89	0.38	0.00	0.00	19.5	0	0	0	0.2	0.2	0.03	-0.2	-0.2	Matches
288	Giorgos Kyriakopoulos	gr GRE	FW,DF	Sassuolo	27-115	1996	8.5	1	13	4	30.8	1.53	0.47	0.08	0.25	15.4	0	0	0	1.1	1.1	0.08	-0.1	-0.1	Matches
289	Sam Lammers	nl NED	FW	Sampdoria	26-031	1997	12.2	1	23	8	34.8	1.88	0.66	0.04	0.13	11.6	0	0	0	2.5	2.5	0.11	-1.5	-1.5	Matches
290	Sam Lammers	nl NED	FW	Empoli	26-031	1997	9.8	1	28	7	25.0	2.85	0.71	0.04	0.14	15.5	0	0	0	2.3	2.3	0.08	-1.3	-1.3	Matches
291	Kevin Lasagna	it ITA	FW,MF	Hellas Verona	30-294	1992	17.5	1	52	11	21.2	2.98	0.63	0.02	0.09	18.2	0	0	0	6.0	6.0	0.12	-5.0	-5.0	Matches
292	Armand Lauriente	fr FRA	FW	Sassuolo	24-178	1998	24.2	7	55	21	38.2	2.28	0.87	0.11	0.29	20.4	10	1	1	4.7	3.9	0.07	+2.3	+2.1	Matches
293	Valentino Lazaro	at AUT	DF	Torino	27-068	1996	15.3	0	7	2	28.6	0.46	0.13	0.00	0.00	14.0	0	0	0	0.4	0.4	0.06	-0.4	-0.4	Matches
294	Marko Lazetić	rs SRB	FW	Milan	19-129	2004	0.1	0	1	0	0.0	10.00	0.00	0.00		13.2	0	0	0	0.1	0.1	0.06	-0.1	-0.1	Matches
295	Darko Lazović	rs SRB	DF,MF	Hellas Verona	32-258	1990	24.6	4	43	14	32.6	1.75	0.57	0.09	0.29	18.8	4	0	0	3.6	3.6	0.08	+0.4	+0.4	Matches
296	Manuel Lazzari	it ITA	DF	Lazio	29-183	1993	20.9	0	6	2	33.3	0.29	0.10	0.00	0.00	17.7	0	0	0	0.3	0.3	0.05	-0.3	-0.3	Matches
297	Rafael Leão	pt POR	FW,MF	Milan	23-355	1999	25.9	13	88	27	30.7	3.40	1.04	0.15	0.48	18.1	0	0	0	9.7	9.7	0.11	+3.3	+3.3	Matches
298	Mehdi Léris	dz ALG	MF,DF	Sampdoria	25-008	1998	26.3	1	29	11	37.9	1.10	0.42	0.03	0.09	12.7	0	0	0	3.4	3.4	0.12	-2.4	-2.4	Matches
299	Karol Linetty	pl POL	MF	Torino	28-118	1995	20.7	1	15	4	26.7	0.72	0.19	0.07	0.25	20.4	0	0	0	0.9	0.9	0.06	+0.1	+0.1	Matches
300	Marcin Listkowski	pl POL	MF,FW	Lecce	25-110	1998	0.9	0	1	0	0.0	1.17	0.00	0.00		13.9	0	0	0	0.1	0.1	0.05	-0.1	-0.1	Matches
301	Diego Llorente	es ESP	DF	Roma	29-288	1993	5.9	0	3	1	33.3	0.51	0.17	0.00	0.00	11.2	0	0	0	0.4	0.4	0.12	-0.4	-0.4	Matches
302	Stanislav Lobotka	sk SVK	MF	Napoli	28-187	1994	33.5	1	11	4	36.4	0.33	0.12	0.09	0.25	22.3	0	0	0	0.6	0.6	0.06	+0.4	+0.4	Matches
303	Manuel Locatelli	it ITA	MF	Juventus	25-143	1998	26.2	0	27	11	40.7	1.03	0.42	0.00	0.00	24.8	0	0	0	1.4	1.4	0.05	-1.4	-1.4	Matches
304	Luka Lochoshvili	ge GEO	DF	Cremonese	25-002	1998	20.4	1	8	2	25.0	0.39	0.10	0.13	0.50	16.3	0	0	0	0.6	0.6	0.08	+0.4	+0.4	Matches
305	Ademola Lookman	ng NGA	FW,MF	Atalanta	25-223	1997	18.9	13	47	22	46.8	2.49	1.17	0.21	0.45	15.7	1	3	3	8.9	6.5	0.14	+4.1	+3.5	Matches
306	Maxime Lopez	fr FRA	MF	Sassuolo	25-178	1997	24.9	0	16	5	31.3	0.64	0.20	0.00	0.00	22.7	0	0	0	1.0	1.0	0.06	-1.0	-1.0	Matches
307	Matteo Lovato	it ITA	DF	Salernitana	23-106	2000	9.0	0	1	0	0.0	0.11	0.00	0.00		22.0	0	0	0	0.0	0.0	0.02	0.0	0.0	Matches
308	Sandi Lovrić	si SVN	MF	Udinese	25-064	1998	25.0	5	69	17	24.6	2.76	0.68	0.07	0.29	22.3	4	0	0	4.7	4.7	0.07	+0.3	+0.3	Matches
309	Hirving Lozano	mx MEX	FW	Napoli	27-305	1995	17.8	3	41	13	31.7	2.30	0.73	0.05	0.15	18.5	0	1	1	5.4	4.6	0.11	-2.4	-2.6	Matches
310	Jhon Lucumí	co COL	DF	Bologna	24-339	1998	31.2	0	11	2	18.2	0.35	0.06	0.00	0.00	14.5	0	0	0	0.7	0.7	0.06	-0.7	-0.7	Matches
311	José Luis Palomino	ar ARG	DF	Atalanta	33-146	1990	8.4	1	6	3	50.0	0.71	0.36	0.17	0.33	12.6	0	0	0	0.5	0.5	0.09	+0.5	+0.5	Matches
312	Romelu Lukaku	be BEL	FW	Inter	30-018	1993	17.5	10	46	19	41.3	2.64	1.09	0.17	0.42	15.0	0	2	2	8.7	7.1	0.15	+1.3	+0.9	Matches
313	Saša Lukić	rs SRB	MF	Torino	26-291	1996	13.3	2	15	3	20.0	1.13	0.23	0.07	0.33	20.2	1	1	1	1.7	0.9	0.06	+0.3	+0.1	Matches
314	Sebastiano Luperto	it ITA	DF	Empoli	26-267	1996	33.8	2	18	4	22.2	0.53	0.12	0.11	0.50	12.7	0	0	0	1.2	1.2	0.07	+0.8	+0.8	Matches
315	Charalambos Lykogiannis	gr GRE	DF	Bologna	29-221	1993	12.3	2	19	6	31.6	1.54	0.49	0.11	0.33	25.1	5	0	0	0.8	0.8	0.04	+1.2	+1.2	Matches
316	Giulio Maggiore	it ITA	MF	Salernitana	25-080	1998	9.6	0	6	0	0.0	0.62	0.00	0.00		16.7	0	0	0	0.5	0.5	0.08	-0.5	-0.5	Matches
317	Giangiacomo Magnani	it ITA	DF	Hellas Verona	27-239	1995	16.0	0	7	1	14.3	0.44	0.06	0.00	0.00	19.1	0	0	0	0.5	0.5	0.07	-0.5	-0.5	Matches
318	Mike Maignan	fr FRA	GK	Milan	27-332	1995	21.0	0	0	0		0.00	0.00				0	0	0	0.0	0.0		0.0	0.0	Matches
319	Jordan Majchrzak	pl POL	FW	Roma	18-235	2004	0.2	0	0	0		0.00	0.00				0	0	0	0.0	0.0		0.0	0.0	Matches
320	Jean-Victor Makengo	fr FRA	MF	Udinese	24-353	1998	8.9	0	7	0	0.0	0.78	0.00	0.00		21.4	0	0	0	0.4	0.4	0.05	-0.4	-0.4	Matches
321	Lorenzo Malagrida	it ITA	MF,DF	Sampdoria	19-219	2003	0.7	0	1	1	100.0	1.38	1.38	0.00	0.00	10.6	0	0	0	0.1	0.1	0.08	-0.1	-0.1	Matches
322	Daniel Maldini	it ITA	FW,MF	Spezia	21-232	2001	7.0	2	15	6	40.0	2.15	0.86	0.13	0.33	19.0	1	0	0	1.2	1.2	0.08	+0.8	+0.8	Matches
323	Youssef Maleh	it ITA	MF	Fiorentina	24-282	1998	3.3	0	7	0	0.0	2.12	0.00	0.00		15.9	0	0	0	0.6	0.6	0.08	-0.6	-0.6	Matches
324	Youssef Maleh	it ITA	MF	Lecce	24-282	1998	7.1	0	6	1	16.7	0.85	0.14	0.00	0.00	21.0	0	0	0	0.3	0.3	0.05	-0.3	-0.3	Matches
325	Ruslan Malinovskyi	ua UKR	MF,FW	Atalanta	30-027	1993	6.1	1	19	6	31.6	3.09	0.98	0.05	0.17	25.6	0	0	0	0.6	0.6	0.03	+0.4	+0.4	Matches
326	Gianluca Mancini	it ITA	DF	Roma	27-044	1996	30.9	1	21	5	23.8	0.68	0.16	0.05	0.20	12.1	0	0	0	2.3	2.3	0.11	-1.3	-1.3	Matches
327	Rolando Mandragora	it ITA	MF	Fiorentina	25-336	1997	21.7	2	37	5	13.5	1.71	0.23	0.05	0.40	22.9	2	0	0	1.5	1.5	0.04	+0.5	+0.5	Matches
328	Federico Marchetti	it ITA	GK	Spezia	40-113	1983	0.7	0	0	0		0.00	0.00				0	0	0	0.0	0.0		0.0	0.0	Matches
329	Riccardo Marchizza	it ITA	DF	Sassuolo	25-066	1998	3.0	0	0	0		0.00	0.00				0	0	0	0.0	0.0		0.0	0.0	Matches
330	Gian Marco Ferrari	it ITA	DF	Sassuolo	31-105	1992	24.2	1	8	1	12.5	0.33	0.04	0.13	1.00	10.6	0	0	0	1.2	1.2	0.15	-0.2	-0.2	Matches
331	Pablo Marí	es ESP	DF	Monza	29-273	1993	26.6	1	10	2	20.0	0.38	0.08	0.10	0.50	15.2	0	0	0	0.6	0.6	0.06	+0.4	+0.4	Matches
332	Răzvan Marin	ro ROU	MF	Empoli	27-008	1996	28.2	2	33	8	24.2	1.17	0.28	0.06	0.25	27.6	10	0	0	1.4	1.4	0.04	+0.6	+0.6	Matches
333	Marlon	br BRA	DF	Monza	27-266	1995	17.7	0	5	1	20.0	0.28	0.06	0.00	0.00	11.0	0	0	0	0.3	0.2	0.05	-0.3	-0.2	Matches
334	Luca Marrone	it ITA	DF	Monza	33-064	1990	1.5	0	1	0	0.0	0.67	0.00	0.00		17.6	0	0	0	0.1	0.1	0.10	-0.1	-0.1	Matches
335	Lautaro Martínez	ar ARG	FW	Inter	25-282	1997	28.0	21	124	51	41.1	4.43	1.82	0.16	0.39	15.1	0	1	2	18.1	16.5	0.14	+2.9	+3.5	Matches
336	Lucas Martínez Quarta	ar ARG	DF	Fiorentina	27-021	1996	23.1	1	26	10	38.5	1.12	0.43	0.04	0.10	14.0	0	0	0	2.4	2.4	0.09	-1.4	-1.4	Matches
337	Adam Marušić	me MNE	DF	Lazio	30-226	1992	30.7	0	16	7	43.8	0.52	0.23	0.00	0.00	24.0	0	0	0	0.7	0.7	0.04	-0.7	-0.7	Matches
338	Adam Masina	ma MAR	DF	Udinese	29-149	1994	8.8	2	2	2	100.0	0.23	0.23	1.00	1.00	12.3	0	0	0	0.1	0.1	0.04	+1.9	+1.9	Matches
339	Nemanja Matić	rs SRB	MF	Roma	34-303	1988	20.3	2	11	4	36.4	0.54	0.20	0.18	0.50	16.3	0	0	0	1.0	1.0	0.09	+1.0	+1.0	Matches
340	Luís Maximiano	pt POR	GK	Lazio	24-146	1999	0.1	0	0	0		0.00	0.00				0	0	0	0.0	0.0		0.0	0.0	Matches
341	Pasquale Mazzocchi	it ITA	DF	Salernitana	27-308	1995	20.7	2	18	6	33.3	0.87	0.29	0.11	0.33	21.0	1	0	0	1.3	1.3	0.07	+0.7	+0.7	Matches
342	Weston McKennie	us USA	MF,DF	Juventus	24-276	1998	11.7	1	8	4	50.0	0.68	0.34	0.13	0.25	10.1	0	0	0	0.9	0.9	0.11	+0.1	+0.1	Matches
343	Gary Medel	cl CHI	MF,DF	Bologna	35-301	1987	15.7	0	2	0	0.0	0.13	0.00	0.00		26.5	0	0	0	0.1	0.1	0.03	-0.1	-0.1	Matches
344	Soualiho Meïté	fr FRA	MF	Cremonese	29-075	1994	25.3	0	16	3	18.8	0.63	0.12	0.00	0.00	24.2	0	0	0	0.5	0.5	0.03	-0.5	-0.5	Matches
345	Alex Meret	it ITA	GK	Napoli	26-070	1997	33.0	0	0	0		0.00	0.00				0	0	0	0.0	0.0		0.0	0.0	Matches
346	Yıldırım Mert Çetin	tr TUR	DF	Lecce	26-150	1997	0.2	0	0	0		0.00	0.00				0	0	0	0.0	0.0		0.0	0.0	Matches
347	Junior Messias	br BRA	FW,DF	Milan	32-018	1991	15.7	5	30	11	36.7	1.91	0.70	0.17	0.45	18.1	1	0	0	2.2	2.2	0.07	+2.8	+2.8	Matches
348	Tommaso Milanese	it ITA	MF	Cremonese	20-304	2002	0.3	0	0	0		0.00	0.00				0	0	0	0.0	0.0		0.0	0.0	Matches
349	Nikola Milenković	rs SRB	DF	Fiorentina	25-231	1997	23.7	2	19	5	26.3	0.80	0.21	0.11	0.40	9.4	0	0	0	1.9	1.9	0.10	+0.1	+0.1	Matches
350	Arkadiusz Milik	pl POL	FW	Juventus	29-092	1994	16.8	7	41	22	53.7	2.45	1.31	0.17	0.32	14.0	2	0	1	6.4	5.6	0.14	+0.6	+1.4	Matches
351	Sergej Milinković-Savić	rs SRB	MF	Lazio	28-093	1995	32.6	9	61	19	31.1	1.87	0.58	0.15	0.47	17.2	8	0	0	6.6	6.6	0.11	+2.4	+2.4	Matches
352	Vanja Milinković-Savić	rs SRB	GK	Torino	26-100	1997	37.0	0	0	0		0.00	0.00				0	0	0	0.0	0.0		0.0	0.0	Matches
353	Kim Min-jae	kr KOR	DF	Napoli	26-197	1996	33.9	2	8	3	37.5	0.24	0.09	0.25	0.67	6.6	0	0	0	1.0	1.0	0.13	+1.0	+1.0	Matches
354	Aleksei Miranchuk	ru RUS	MF	Torino	27-226	1995	22.2	4	37	14	37.8	1.67	0.63	0.11	0.29	19.6	1	0	0	2.8	2.8	0.08	+1.2	+1.2	Matches
355	Fabio Miretti	it ITA	MF,FW	Juventus	19-301	2003	13.0	0	20	5	25.0	1.53	0.38	0.00	0.00	17.0	0	0	0	2.4	2.4	0.12	-2.4	-2.4	Matches
356	Filippo Missori	it ITA	DF	Roma	19-068	2004	2.0	0	0	0		0.00	0.00				0	0	0	0.0	0.0		0.0	0.0	Matches
357	Henrikh Mkhitaryan	am ARM	MF	Inter	34-130	1989	22.1	3	35	6	17.1	1.59	0.27	0.09	0.50	19.9	0	0	0	2.8	2.8	0.08	+0.2	+0.2	Matches
358	Salvatore Molina	it ITA	DF	Monza	31-150	1992	2.5	0	1	0	0.0	0.39	0.00	0.00		16.1	0	0	0	0.0	0.0	0.04	0.0	0.0	Matches
359	Daniele Montevago	it ITA	FW	Sampdoria	20-074	2003	2.6	0	7	1	14.3	2.73	0.39	0.00	0.00	13.1	0	0	0	0.5	0.5	0.07	-0.5	-0.5	Matches
360	Lorenzo Montipò	it ITA	GK	Hellas Verona	27-100	1996	36.0	0	0	0		0.00	0.00				0	0	0	0.0	0.0		0.0	0.0	Matches
361	Nikola Moro	hr CRO	MF	Bologna	25-080	1998	12.6	1	20	3	15.0	1.58	0.24	0.05	0.33	23.8	0	0	0	0.8	0.8	0.04	+0.2	+0.2	Matches
362	Dany Mota	pt POR	FW,MF	Monza	25-029	1998	20.6	5	27	11	40.7	1.31	0.53	0.19	0.45	12.1	0	0	0	4.8	4.8	0.18	+0.2	+0.2	Matches
363	João Moutinho	pt POR	DF,FW	Spezia	25-139	1998	0.6	0	0	0		0.00	0.00				0	0	0	0.0	0.0		0.0	0.0	Matches
364	Mert Müldür	tr TUR	DF	Sassuolo	24-058	1999	0.1	0	0	0		0.00	0.00				0	0	0	0.0	0.0		0.0	0.0	Matches
365	Luis Muriel	co COL	FW,MF	Atalanta	32-045	1991	11.8	2	31	7	22.6	2.62	0.59	0.03	0.14	21.1	4	1	1	2.2	1.4	0.05	-0.2	-0.4	Matches
366	Jeison Murillo	co COL	DF	Sampdoria	31-004	1992	11.7	0	3	0	0.0	0.26	0.00	0.00		14.8	0	0	0	0.2	0.2	0.06	-0.2	-0.2	Matches
367	Nicola Murru	it ITA	DF	Sampdoria	28-166	1994	7.7	0	2	0	0.0	0.26	0.00	0.00		26.0	0	0	0	0.0	0.0	0.02	0.0	0.0	Matches
368	Juan Musso	ar ARG	GK	Atalanta	29-025	1994	23.1	0	0	0		0.00	0.00				0	0	0	0.0	0.0		0.0	0.0	Matches
369	Joakim Mæhle	dk DEN	DF,MF	Atalanta	26-011	1997	23.6	3	25	6	24.0	1.06	0.25	0.12	0.50	18.3	0	0	0	3.0	3.0	0.12	0.0	0.0	Matches
370	Herculano Nabian	pt POR	MF	Empoli	19-126	2004	0.0	0	0	0		0.00	0.00				0	0	0	0.0	0.0		0.0	0.0	Matches
371	Michel Ndary Adopo	fr FRA	MF,DF	Torino	22-316	2000	2.9	0	2	0	0.0	0.68	0.00	0.00		14.1	0	0	0	0.1	0.1	0.04	-0.1	-0.1	Matches
372	Tanguy Ndombele	fr FRA	MF	Napoli	26-154	1996	9.0	1	16	2	12.5	1.78	0.22	0.06	0.50	22.4	0	0	0	1.0	1.0	0.06	0.0	0.0	Matches
373	Ilija Nestorovski	mk MKD	FW	Udinese	33-080	1990	6.9	2	11	4	36.4	1.58	0.58	0.18	0.50	16.1	0	0	0	1.4	1.4	0.13	+0.6	+0.6	Matches
374	Cyril Ngonge	be BEL	MF,FW	Hellas Verona	23-005	2000	7.4	3	24	10	41.7	3.24	1.35	0.13	0.30	24.1	0	0	0	1.8	1.8	0.08	+1.2	+1.2	Matches
375	Hans Nicolussi Caviglia	it ITA	MF	Salernitana	22-347	2000	6.2	1	4	1	25.0	0.65	0.16	0.25	1.00	27.6	0	0	0	0.1	0.1	0.04	+0.9	+0.9	Matches
376	Dimitris Nikolaou	gr GRE	DF	Spezia	24-291	1998	31.9	0	9	2	22.2	0.28	0.06	0.00	0.00	22.2	0	0	0	0.4	0.4	0.04	-0.4	-0.4	Matches
377	Bram Nuytinck	nl NED	DF	Udinese	33-027	1990	4.3	0	1	0	0.0	0.23	0.00	0.00		8.4	0	0	0	0.0	0.0	0.03	0.0	0.0	Matches
378	Bram Nuytinck	nl NED	DF	Sampdoria	33-027	1990	16.6	0	4	0	0.0	0.24	0.00	0.00		10.7	0	0	0	0.3	0.3	0.06	-0.3	-0.3	Matches
379	M'Bala Nzola	ao ANG	FW	Spezia	26-286	1996	28.5	13	60	20	33.3	2.11	0.70	0.17	0.50	14.9	0	3	3	11.0	8.6	0.14	+2.0	+1.4	Matches
380	Pedro Obiang	gq EQG	MF	Sassuolo	31-065	1992	9.7	0	7	0	0.0	0.72	0.00	0.00		19.9	0	0	0	0.4	0.4	0.06	-0.4	-0.4	Matches
381	Guillermo Ochoa	mx MEX	GK	Salernitana	37-322	1985	19.0	0	0	0		0.00	0.00				0	0	0	0.0	0.0		0.0	0.0	Matches
382	Marios Oikonomou	gr GRE	DF	Sampdoria	30-237	1992	2.4	0	3	0	0.0	1.23	0.00	0.00		13.9	0	0	0	0.3	0.3	0.11	-0.3	-0.3	Matches
383	David Okereke	ng NGA	FW,MF	Cremonese	25-275	1997	24.7	7	57	19	33.3	2.31	0.77	0.11	0.32	17.4	0	1	1	5.8	5.0	0.09	+1.2	+1.0	Matches
384	Caleb Okoli	it ITA	DF	Atalanta	21-322	2001	10.3	0	7	2	28.6	0.68	0.19	0.00	0.00	12.2	0	0	0	0.5	0.5	0.06	-0.5	-0.5	Matches
385	Mathías Olivera	uy URU	DF	Napoli	25-212	1997	18.3	2	9	4	44.4	0.49	0.22	0.22	0.50	12.8	0	0	0	0.7	0.7	0.08	+1.3	+1.3	Matches
386	André Onana	cm CMR	GK	Inter	27-059	1996	24.0	0	0	0		0.00	0.00				0	0	0	0.0	0.0		0.0	0.0	Matches
387	Divock Origi	be BEL	FW	Milan	28-043	1995	11.4	2	29	12	41.4	2.54	1.05	0.07	0.17	18.2	0	0	0	2.1	2.1	0.07	-0.1	-0.1	Matches
388	Riccardo Orsolini	it ITA	FW	Bologna	26-127	1997	22.9	11	86	25	29.1	3.75	1.09	0.09	0.32	21.1	8	3	3	10.1	7.8	0.09	+0.9	+0.2	Matches
389	Victor Osimhen	ng NGA	FW	Napoli	24-153	1998	27.7	25	128	51	39.8	4.62	1.84	0.19	0.47	12.6	1	1	2	20.4	18.8	0.15	+4.6	+5.2	Matches
390	Remi Oudin	fr FRA	FW,MF	Lecce	26-194	1996	13.7	2	34	12	35.3	2.49	0.88	0.06	0.17	23.0	3	0	0	1.8	1.8	0.05	+0.2	+0.2	Matches
391	Adam Ounas	dz ALG	FW	Napoli	26-201	1996	0.2	0	1	0	0.0	6.00	0.00	0.00		27.5	0	0	0	0.0	0.0	0.04	0.0	0.0	Matches
392	Simone Pafundi	it ITA	MF,FW	Udinese	17-106	2006	0.9	0	1	0	0.0	1.08	0.00	0.00		20.5	0	0	0	0.1	0.1	0.08	-0.1	-0.1	Matches
393	Flavio Paoletti	it ITA	MF	Sampdoria	20-135	2003	2.2	0	0	0		0.00	0.00				0	0	0	0.0	0.0		0.0	0.0	Matches
394	Leandro Paredes	ar ARG	MF	Juventus	28-336	1994	10.7	1	16	2	12.5	1.49	0.19	0.06	0.50	26.6	4	0	0	0.6	0.6	0.04	+0.4	+0.4	Matches
395	Fabiano Parisi	it ITA	DF	Empoli	22-203	2000	31.4	2	21	2	9.5	0.67	0.06	0.10	1.00	21.9	0	0	0	1.8	1.8	0.09	+0.2	+0.2	Matches
396	Mario Pašalić	hr CRO	MF,FW	Atalanta	28-111	1995	19.0	5	31	8	25.8	1.63	0.42	0.16	0.63	11.7	0	0	0	5.7	5.7	0.18	-0.7	-0.7	Matches
397	Patric	es ESP	DF	Lazio	30-044	1993	14.7	0	1	0	0.0	0.07	0.00	0.00		22.8	0	0	0	0.0	0.0	0.05	0.0	0.0	Matches
398	Rui Patrício	pt POR	GK	Roma	35-105	1988	35.0	0	0	0		0.00	0.00				0	0	0	0.0	0.0		0.0	0.0	Matches
399	Pedro	es ESP	FW	Lazio	35-307	1987	20.4	4	39	13	33.3	1.91	0.64	0.10	0.31	19.3	0	0	0	3.3	3.3	0.09	+0.7	+0.7	Matches
400	Gianluca Pegolo	it ITA	GK	Sassuolo	42-067	1981	2.0	0	0	0		0.00	0.00				0	0	0	0.0	0.0		0.0	0.0	Matches
401	Pietro Pellegri	it ITA	FW	Torino	22-075	2001	5.1	2	9	5	55.6	1.78	0.99	0.22	0.40	12.7	0	0	0	1.4	1.4	0.16	+0.6	+0.6	Matches
402	Lorenzo Pellegrini	it ITA	MF	Roma	26-346	1996	27.3	4	59	16	27.1	2.16	0.59	0.03	0.13	21.9	9	2	3	7.4	5.0	0.09	-3.4	-3.0	Matches
403	Luca Pellegrini	it ITA	DF	Lazio	24-085	1999	1.0	0	3	0	0.0	2.97	0.00	0.00		22.4	0	0	0	0.1	0.1	0.03	-0.1	-0.1	Matches
404	Pepín	gq EQG	MF	Monza	26-290	1996	12.4	0	9	3	33.3	0.73	0.24	0.00	0.00	22.9	1	0	0	0.4	0.4	0.05	-0.4	-0.4	Matches
405	Roberto Pereyra	ar ARG	DF,MF	Udinese	32-144	1991	30.3	5	41	16	39.0	1.35	0.53	0.12	0.31	17.0	1	0	1	4.7	3.9	0.10	+0.3	+1.1	Matches
406	Nehuén Pérez	ar ARG	DF	Udinese	22-341	2000	30.3	2	15	7	46.7	0.49	0.23	0.13	0.29	17.9	0	0	0	1.0	1.0	0.06	+1.0	+1.0	Matches
407	Simone Perilli	it ITA	GK	Hellas Verona	28-144	1995	1.0	0	0	0		0.00	0.00				0	0	0	0.0	0.0		0.0	0.0	Matches
408	Mattia Perin	it ITA	GK	Juventus	30-202	1992	10.5	0	0	0		0.00	0.00				0	0	0	0.0	0.0		0.0	0.0	Matches
409	Samuele Perisan	it ITA	GK	Empoli	25-283	1997	7.0	0	0	0		0.00	0.00				0	0	0	0.0	0.0		0.0	0.0	Matches
410	Matteo Pessina	it ITA	MF	Monza	26-040	1997	31.6	5	25	6	24.0	0.79	0.19	0.08	0.33	19.2	0	3	3	5.1	2.8	0.11	-0.1	-0.8	Matches
411	Andrea Petagna	it ITA	FW	Monza	27-335	1995	18.1	3	34	11	32.4	1.87	0.61	0.06	0.18	13.4	0	1	1	5.2	4.4	0.13	-2.2	-2.4	Matches
412	Giuseppe Pezzella	it ITA	DF	Lecce	25-183	1997	10.0	0	3	0	0.0	0.30	0.00	0.00		19.3	0	0	0	0.1	0.1	0.04	-0.1	-0.1	Matches
413	Krzysztof Piątek	pl POL	FW	Salernitana	27-334	1995	22.8	4	56	19	33.9	2.46	0.83	0.05	0.16	15.5	1	1	1	8.2	7.5	0.13	-4.2	-4.5	Matches
414	Roberto Piccoli	it ITA	FW	Hellas Verona	22-124	2001	2.1	0	4	2	50.0	1.87	0.94	0.00	0.00	12.7	0	0	0	0.4	0.4	0.10	-0.4	-0.4	Matches
415	Roberto Piccoli	it ITA	FW	Empoli	22-124	2001	4.9	2	12	6	50.0	2.45	1.22	0.17	0.33	15.5	0	0	0	1.3	1.3	0.10	+0.7	+0.7	Matches
416	Charles Pickel	ch SUI	MF	Cremonese	26-016	1997	26.6	1	23	7	30.4	0.87	0.26	0.04	0.14	15.9	0	0	0	1.6	1.6	0.07	-0.6	-0.6	Matches
417	Andrea Pinamonti	it ITA	FW	Sassuolo	24-012	1999	23.2	5	65	21	32.3	2.80	0.91	0.06	0.19	15.4	0	1	1	6.9	6.2	0.09	-1.9	-2.2	Matches
418	Lorenzo Pirola	it ITA	DF	Salernitana	21-100	2002	20.6	2	12	2	16.7	0.58	0.10	0.17	1.00	11.7	0	0	0	1.4	1.4	0.12	+0.6	+0.6	Matches
419	Niccolò Pisilli	it ITA	MF	Roma	18-250	2004	0.0	0	0	0		0.00	0.00				0	0	0	0.0	0.0		0.0	0.0	Matches
420	Marko Pjaca	hr CRO	MF,FW	Empoli	28-025	1995	5.8	0	15	2	13.3	2.58	0.34	0.00	0.00	19.5	0	0	0	0.7	0.7	0.04	-0.7	-0.7	Matches
421	Tommaso Pobega	it ITA	MF	Milan	23-320	1999	9.6	2	20	5	25.0	2.09	0.52	0.10	0.40	18.7	0	0	0	1.4	1.4	0.07	+0.6	+0.6	Matches
422	Paul Pogba	fr FRA	MF,FW	Juventus	30-077	1993	1.2	0	5	2	40.0	4.05	1.62	0.00	0.00	18.5	0	0	0	0.3	0.3	0.07	-0.3	-0.3	Matches
423	Matteo Politano	it ITA	FW	Napoli	29-301	1993	13.0	3	30	6	20.0	2.32	0.46	0.03	0.17	20.7	1	2	3	4.1	1.7	0.06	-1.1	-0.7	Matches
424	Marin Pongračić	hr CRO	DF	Lecce	25-262	1997	8.8	0	1	0	0.0	0.11	0.00	0.00		16.5	0	0	0	0.0	0.0	0.02	0.0	0.0	Matches
425	Stefan Posch	at AUT	DF	Bologna	26-017	1997	27.3	6	27	10	37.0	0.99	0.37	0.22	0.60	14.2	1	0	0	3.2	3.2	0.12	+2.8	+2.8	Matches
426	Ivan Provedel	it ITA	GK	Lazio	29-075	1994	36.9	0	0	0		0.00	0.00				0	0	0	0.0	0.0		0.0	0.0	Matches
427	Ignacio Pussetto	ar ARG	MF,DF	Sampdoria	27-161	1995	1.7	0	2	2	100.0	1.18	1.18	0.00	0.00	14.2	0	0	0	0.2	0.2	0.08	-0.2	-0.2	Matches
428	Niklas Pyyhtiä	fi FIN	MF	Bologna	19-248	2003	0.9	0	3	0	0.0	3.38	0.00	0.00		17.7	0	0	0	0.2	0.2	0.05	-0.2	-0.2	Matches
429	Fabio Quagliarella	it ITA	FW	Sampdoria	40-120	1983	7.9	1	34	6	17.6	4.28	0.76	0.03	0.17	17.1	0	0	0	2.5	2.5	0.07	-1.5	-1.5	Matches
430	Giacomo Quagliata	it ITA	DF	Cremonese	23-101	2000	7.8	0	9	1	11.1	1.16	0.13	0.00	0.00	19.9	1	0	0	0.5	0.5	0.05	-0.5	-0.5	Matches
431	Adrien Rabiot	fr FRA	MF	Juventus	28-058	1995	29.5	8	46	22	47.8	1.56	0.74	0.17	0.36	16.7	0	0	0	5.8	5.5	0.12	+2.2	+2.5	Matches
432	Nemanja Radonjić	rs SRB	MF,FW	Torino	27-105	1996	16.2	2	52	17	32.7	3.20	1.05	0.04	0.12	17.5	0	0	0	5.0	5.0	0.10	-3.0	-3.0	Matches
433	Ivan Radovanović	rs SRB	MF,DF	Salernitana	34-275	1988	7.5	0	7	0	0.0	0.94	0.00	0.00		33.0	0	0	0	0.2	0.2	0.03	-0.2	-0.2	Matches
434	Ionuț Radu	ro ROU	GK	Cremonese	26-003	1997	9.0	0	0	0		0.00	0.00				0	0	0	0.0	0.0		0.0	0.0	Matches
435	Ștefan Radu	ro ROU	FW	Lazio	36-221	1986	0.0	0	0	0		0.00	0.00				0	0	0	0.0	0.0		0.0	0.0	Matches
436	Antonio Raimondo	it ITA	FW	Bologna	19-074	2004	0.2	0	0	0		0.00	0.00				0	0	0	0.0	0.0		0.0	0.0	Matches
437	Luca Ranieri	it ITA	DF	Fiorentina	24-038	1999	4.6	0	1	0	0.0	0.22	0.00	0.00		5.9	0	0	0	0.1	0.1	0.07	-0.1	-0.1	Matches
438	Andrea Ranocchia	it ITA	DF	Monza	35-104	1988	0.5	0	0	0		0.00	0.00				0	0	0	0.0	0.0		0.0	0.0	Matches
439	Filippo Ranocchia	it ITA	MF	Monza	22-017	2001	5.9	1	19	8	42.1	3.23	1.36	0.05	0.13	25.2	5	0	0	1.2	1.2	0.07	-0.2	-0.2	Matches
440	Giacomo Raspadori	it ITA	FW,MF	Napoli	23-102	2000	9.8	2	39	15	38.5	3.97	1.53	0.05	0.13	17.0	3	0	0	3.4	3.4	0.09	-1.4	-1.4	Matches
441	Giacomo Raspadori	it ITA	FW	Sassuolo	23-102	2000	0.5	0	0	0		0.00	0.00				0	0	0	0.0	0.0		0.0	0.0	Matches
442	Nicola Ravaglia	it ITA	GK	Sampdoria	34-170	1988	9.0	0	0	0		0.00	0.00				0	0	0	0.0	0.0		0.0	0.0	Matches
443	Ante Rebić	hr CRO	FW,MF	Milan	29-252	1993	10.9	3	27	13	48.1	2.48	1.20	0.11	0.23	16.0	2	0	0	3.5	3.5	0.13	-0.5	-0.5	Matches
444	Arkadiusz Reca	pl POL	DF	Spezia	27-348	1995	23.1	1	21	7	33.3	0.91	0.30	0.05	0.14	23.6	0	0	0	0.9	0.9	0.04	+0.1	+0.1	Matches
445	Panagiotis Retsos	gr GRE	DF	Hellas Verona	24-295	1998	1.4	0	1	0	0.0	0.74	0.00	0.00		16.8	0	0	0	0.1	0.1	0.06	-0.1	-0.1	Matches
446	Franck Ribéry	fr FRA	MF	Salernitana	40-054	1983	0.4	0	0	0		0.00	0.00				0	0	0	0.0	0.0		0.0	0.0	Matches
447	Samuele Ricci	it ITA	MF	Torino	21-283	2001	22.2	2	20	7	35.0	0.90	0.31	0.10	0.29	21.1	0	0	0	1.7	1.7	0.09	+0.3	+0.3	Matches
448	Tomás Rincón	ve VEN	MF	Sampdoria	35-138	1988	27.4	0	11	3	27.3	0.40	0.11	0.00	0.00	22.0	0	0	0	0.6	0.6	0.05	-0.6	-0.6	Matches
449	Pablo Rodríguez	es ESP	FW,MF	Lecce	21-300	2001	0.6	0	0	0		0.00	0.00				0	0	0	0.0	0.0		0.0	0.0	Matches
450	Ricardo Rodríguez	ch SUI	DF	Torino	30-279	1992	29.0	0	11	4	36.4	0.38	0.14	0.00	0.00	23.9	1	0	0	0.4	0.4	0.04	-0.4	-0.4	Matches
451	Rogério	br BRA	DF	Sassuolo	25-138	1998	32.3	0	15	5	33.3	0.46	0.15	0.00	0.00	23.4	0	0	0	0.5	0.5	0.04	-0.5	-0.5	Matches
452	Filippo Romagna	it ITA	DF	Sassuolo	26-005	1997	0.0	0	0	0		0.00	0.00				0	0	0	0.0	0.0		0.0	0.0	Matches
453	Alessio Romagnoli	it ITA	DF	Lazio	28-139	1995	31.7	1	12	4	33.3	0.38	0.13	0.08	0.25	12.7	0	0	0	1.2	1.2	0.10	-0.2	-0.2	Matches
454	Simone Romagnoli	it ITA	DF	Lecce	33-111	1990	1.9	0	1	0	0.0	0.54	0.00	0.00		11.2	0	0	0	0.0	0.0	0.01	0.0	0.0	Matches
455	Luka Romero	ar ARG	FW	Lazio	18-194	2004	1.7	1	5	1	20.0	2.98	0.60	0.20	1.00	15.7	0	0	0	0.9	0.9	0.17	+0.1	+0.1	Matches
456	Marten de Roon	nl NED	MF	Atalanta	32-063	1991	31.9	3	19	5	26.3	0.59	0.16	0.16	0.60	20.6	0	0	0	1.1	1.1	0.06	+1.9	+1.9	Matches
457	Nicolò Rovella	it ITA	MF	Monza	21-178	2001	18.3	1	20	6	30.0	1.09	0.33	0.05	0.17	24.9	1	0	0	1.2	1.2	0.06	-0.2	-0.2	Matches
458	Nicolò Rovella	it ITA	MF	Juventus	21-178	2001	0.3	0	2	0	0.0	6.67	0.00	0.00		27.0	0	0	0	0.1	0.1	0.04	-0.1	-0.1	Matches
459	Amir Rrahmani	xk KVX	DF	Napoli	29-096	1994	26.2	2	21	3	14.3	0.80	0.11	0.10	0.67	13.4	0	0	0	1.8	1.8	0.09	+0.2	+0.2	Matches
460	Ruan	br BRA	DF	Sassuolo	23-358	1999	18.1	0	5	1	20.0	0.28	0.06	0.00	0.00	10.4	0	0	0	0.5	0.5	0.10	-0.5	-0.5	Matches
461	Daniele Rugani	it ITA	DF	Juventus	28-306	1994	6.3	0	4	1	25.0	0.64	0.16	0.00	0.00	12.1	0	0	0	0.5	0.5	0.12	-0.5	-0.5	Matches
462	Matteo Ruggeri	it ITA	DF,MF	Atalanta	20-324	2002	9.2	0	10	1	10.0	1.09	0.11	0.00	0.00	16.7	0	0	0	0.6	0.6	0.06	-0.6	-0.6	Matches
463	Mário Rui	pt POR	DF	Napoli	32-004	1991	18.6	0	10	4	40.0	0.54	0.22	0.00	0.00	22.1	1	0	0	0.6	0.6	0.06	-0.6	-0.6	Matches
464	Abdelhamid Sabiri	ma MAR	MF,FW	Sampdoria	26-184	1996	11.9	2	31	9	29.0	2.61	0.76	0.03	0.11	25.5	8	1	2	3.0	1.4	0.04	-1.0	-0.4	Matches
465	Alexis Saelemaekers	be BEL	FW,DF	Milan	23-338	1999	15.5	2	34	10	29.4	2.19	0.65	0.06	0.20	20.8	0	0	0	2.4	2.4	0.07	-0.4	-0.4	Matches
466	Jacopo Sala	it ITA	MF	Spezia	31-177	1991	1.2	0	0	0		0.00	0.00				0	0	0	0.0	0.0		0.0	0.0	Matches
467	Lazar Samardzic	rs SRB	MF	Udinese	21-096	2002	19.6	5	48	17	35.4	2.45	0.87	0.10	0.29	25.5	7	0	0	2.4	2.4	0.05	+2.6	+2.6	Matches
468	Junior Sambia	fr FRA	DF	Salernitana	26-266	1996	7.6	0	12	5	41.7	1.58	0.66	0.00	0.00	23.5	4	0	0	0.6	0.6	0.05	-0.6	-0.6	Matches
469	Antonio Sanabria	py PAR	FW	Torino	27-088	1996	26.0	12	63	23	36.5	2.42	0.88	0.17	0.48	13.1	0	1	1	8.7	7.9	0.13	+3.3	+3.1	Matches
470	Leandro Sanca	pt POR	FW,MF	Spezia	23-147	2000	0.4	0	0	0		0.00	0.00				0	0	0	0.0	0.0		0.0	0.0	Matches
471	Alex Sandro	br BRA	DF	Juventus	32-125	1991	19.9	0	5	0	0.0	0.25	0.00	0.00		22.7	0	0	0	0.2	0.2	0.04	-0.2	-0.2	Matches
472	Nicola Sansone	it ITA	FW	Bologna	31-263	1991	7.9	4	22	8	36.4	2.79	1.02	0.18	0.50	18.0	2	0	0	2.8	2.8	0.13	+1.2	+1.2	Matches
473	Riccardo Saponara	it ITA	FW	Fiorentina	31-161	1991	13.2	3	36	12	33.3	2.72	0.91	0.08	0.25	19.3	0	0	0	2.7	2.7	0.08	+0.3	+0.3	Matches
474	Mouhamadou Sarr	sn SEN	GK	Cremonese	26-146	1997	1.0	0	0	0		0.00	0.00				0	0	0	0.0	0.0		0.0	0.0	Matches
475	Martin Satriano	uy URU	FW	Empoli	22-100	2001	18.9	2	38	10	26.3	2.02	0.53	0.05	0.20	15.3	0	0	0	3.9	3.9	0.10	-1.9	-1.9	Matches
476	Giorgio Scalvini	it ITA	DF	Atalanta	19-171	2003	25.3	2	16	4	25.0	0.63	0.16	0.13	0.50	11.5	0	0	0	1.5	1.5	0.10	+0.5	+0.5	Matches
477	Jerdy Schouten	nl NED	MF	Bologna	26-139	1997	27.9	0	8	2	25.0	0.29	0.07	0.00	0.00	18.0	0	0	0	0.4	0.4	0.05	-0.4	-0.4	Matches
478	Perr Schuurs	nl NED	DF	Torino	23-186	1999	24.9	0	14	1	7.1	0.56	0.04	0.00	0.00	14.9	2	0	0	0.9	0.9	0.07	-0.9	-0.9	Matches
479	Demba Seck	sn SEN	MF,FW	Torino	22-110	2001	5.6	0	10	3	30.0	1.77	0.53	0.00	0.00	16.0	0	0	0	0.6	0.6	0.06	-0.6	-0.6	Matches
480	Jacopo Segre	it ITA	DF	Torino	26-103	1997	0.2	0	0	0		0.00	0.00				0	0	0	0.0	0.0		0.0	0.0	Matches
481	Vivaldo Semedo	pt POR	MF,FW	Udinese	18-123	2005	0.3	0	1	0	0.0	3.91	0.00	0.00		11.6	0	0	0	0.1	0.1	0.10	-0.1	-0.1	Matches
482	Stefano Sensi	it ITA	MF	Monza	27-299	1995	18.0	3	18	7	38.9	1.00	0.39	0.17	0.43	24.8	4	0	0	1.4	1.4	0.08	+1.6	+1.6	Matches
483	Luigi Sepe	it ITA	GK	Salernitana	32-023	1991	17.0	0	0	0		0.00	0.00				0	0	0	0.0	0.0		0.0	0.0	Matches
484	Leonardo Sernicola	it ITA	DF	Cremonese	25-305	1997	25.6	2	25	5	20.0	0.98	0.20	0.08	0.40	21.3	0	0	0	1.3	1.3	0.05	+0.7	+0.7	Matches
485	Stephan El Shaarawy	it ITA	DF,MF	Roma	30-216	1992	15.9	7	39	18	46.2	2.45	1.13	0.18	0.39	19.1	0	0	0	5.3	5.3	0.14	+1.7	+1.7	Matches
486	Eldor Shomurodov	uz UZB	FW	Spezia	27-336	1995	9.0	1	18	4	22.2	2.01	0.45	0.06	0.25	15.7	0	0	0	2.8	2.8	0.16	-1.8	-1.8	Matches
487	Eldor Shomurodov	uz UZB	FW	Roma	27-336	1995	1.3	0	6	3	50.0	4.54	2.27	0.00	0.00	19.8	0	0	0	0.6	0.6	0.10	-0.6	-0.6	Matches
488	Marco Silvestri	it ITA	GK	Udinese	32-090	1991	37.0	0	0	0		0.00	0.00				0	0	0	0.0	0.0		0.0	0.0	Matches
489	Giovanni Simeone	ar ARG	FW	Napoli	27-330	1995	4.4	3	13	7	53.8	2.98	1.60	0.23	0.43	16.5	0	0	0	1.3	1.3	0.10	+1.7	+1.7	Matches
490	Wilfried Singo	ci CIV	DF	Torino	22-157	2000	21.9	2	31	8	25.8	1.42	0.37	0.06	0.25	14.0	0	0	0	2.6	2.6	0.09	-0.6	-0.6	Matches
491	Salvatore Sirigu	it ITA	GK	Fiorentina	36-139	1987	1.0	0	0	0		0.00	0.00				0	0	0	0.0	0.0		0.0	0.0	Matches
492	Leo Skiri Østigård	no NOR	DF	Napoli	23-184	1999	3.7	0	2	0	0.0	0.55	0.00	0.00		26.6	0	0	0	0.0	0.0	0.01	0.0	0.0	Matches
493	Łukasz Skorupski	pl POL	GK	Bologna	32-026	1991	36.0	0	0	0		0.00	0.00				0	0	0	0.0	0.0		0.0	0.0	Matches
494	Milan Škriniar	sk SVK	DF	Inter	28-109	1995	19.7	0	9	2	22.2	0.46	0.10	0.00	0.00	13.0	0	0	0	0.8	0.8	0.09	-0.8	-0.8	Matches
495	Chris Smalling	eng ENG	DF	Roma	33-190	1989	30.2	3	16	4	25.0	0.53	0.13	0.19	0.75	8.2	0	0	0	1.7	1.7	0.11	+1.3	+1.3	Matches
496	Ola Solbakken	no NOR	MF,FW	Roma	24-266	1998	5.6	1	9	1	11.1	1.61	0.18	0.11	1.00	17.1	1	0	0	0.6	0.6	0.07	+0.4	+0.4	Matches
497	Brandon Soppy	fr FRA	DF	Udinese	21-099	2002	1.0	0	2	1	50.0	2.00	1.00	0.00	0.00	18.5	0	0	0	0.1	0.1	0.04	-0.1	-0.1	Matches
498	Brandon Soppy	fr FRA	DF	Atalanta	21-099	2002	7.1	0	7	2	28.6	0.98	0.28	0.00	0.00	18.9	0	0	0	0.3	0.3	0.05	-0.3	-0.3	Matches
499	Roberto Soriano	it ITA	FW,MF	Bologna	32-112	1991	14.7	1	13	2	15.4	0.88	0.14	0.08	0.50	20.3	0	0	0	0.6	0.6	0.05	+0.4	+0.4	Matches
500	Joaquin Sosa	uy URU	DF	Bologna	21-141	2002	7.6	0	3	1	33.3	0.39	0.13	0.00	0.00	34.8	0	0	0	0.1	0.1	0.02	-0.1	-0.1	Matches
501	Riccardo Sottil	it ITA	FW	Fiorentina	23-362	1999	9.3	0	21	8	38.1	2.27	0.86	0.00	0.00	19.9	1	0	0	1.0	1.0	0.05	-1.0	-1.0	Matches
502	Matìas Soulé	ar ARG	MF,FW	Juventus	20-046	2003	4.7	1	10	5	50.0	2.15	1.07	0.10	0.20	16.7	0	0	0	1.5	1.5	0.15	-0.5	-0.5	Matches
503	Adama Soumaoro	fr FRA	DF	Bologna	30-347	1992	20.7	0	2	1	50.0	0.10	0.05	0.00	0.00	8.8	0	0	0	0.3	0.3	0.16	-0.3	-0.3	Matches
504	Leonardo Spinazzola	it ITA	DF	Roma	30-067	1993	18.3	1	10	6	60.0	0.55	0.33	0.10	0.17	18.7	0	0	0	1.0	1.0	0.10	0.0	0.0	Matches
505	Marco Sportiello	it ITA	GK	Atalanta	31-021	1992	13.9	0	0	0		0.00	0.00				0	0	0	0.0	0.0		0.0	0.0	Matches
506	Petar Stojanović	si SVN	DF	Empoli	27-236	1995	16.0	0	10	2	20.0	0.62	0.12	0.00	0.00	25.1	1	0	0	0.3	0.3	0.03	-0.3	-0.3	Matches
507	Gabriel Strefezza	br BRA	FW,MF	Lecce	26-043	1997	26.1	8	65	18	27.7	2.49	0.69	0.09	0.33	21.6	4	2	3	6.1	3.7	0.06	+1.9	+2.3	Matches
508	Dávid Strelec	sk SVK	FW	Spezia	22-057	2001	1.9	0	3	1	33.3	1.60	0.53	0.00	0.00	11.2	0	0	0	0.5	0.5	0.17	-0.5	-0.5	Matches
509	Isaac Success	ng NGA	FW	Udinese	27-144	1996	20.2	1	35	5	14.3	1.73	0.25	0.03	0.20	16.3	0	0	0	3.3	3.3	0.10	-2.3	-2.3	Matches
510	Ibrahim Sulemana	gh GHA	MF	Hellas Verona	20-009	2003	6.3	0	9	3	33.3	1.43	0.48	0.00	0.00	24.4	0	0	0	0.3	0.3	0.04	-0.3	-0.3	Matches
511	Mile Svilar	rs SRB	GK	Roma	23-277	1999	2.0	0	0	0		0.00	0.00				0	0	0	0.0	0.0		0.0	0.0	Matches
512	Wojciech Szczęsny	pl POL	GK	Juventus	33-043	1990	26.5	0	0	0		0.00	0.00				0	0	0	0.0	0.0		0.0	0.0	Matches
513	Benjamin Tahirovic	ba BIH	MF	Roma	20-089	2003	3.9	0	0	0		0.00	0.00				0	0	0	0.0	0.0		0.0	0.0	Matches
514	Adrien Tameze	cm CMR	MF	Hellas Verona	29-116	1994	32.7	0	11	2	18.2	0.34	0.06	0.00	0.00	22.5	0	0	0	0.8	0.8	0.08	-0.8	-0.8	Matches
515	Ciprian Tătărușanu	ro ROU	GK	Milan	37-111	1986	16.0	0	0	0		0.00	0.00				0	0	0	0.0	0.0		0.0	0.0	Matches
516	Filippo Terracciano	it ITA	DF,MF	Hellas Verona	20-112	2003	9.1	0	5	3	60.0	0.55	0.33	0.00	0.00	23.3	0	0	0	0.2	0.2	0.04	-0.2	-0.2	Matches
517	Pietro Terracciano	it ITA	GK	Fiorentina	33-084	1990	29.0	0	0	0		0.00	0.00				0	0	0	0.0	0.0		0.0	0.0	Matches
518	Aleksa Terzić	rs SRB	DF	Fiorentina	23-287	1999	9.4	1	9	2	22.2	0.96	0.21	0.11	0.50	24.6	0	0	0	0.4	0.4	0.04	+0.6	+0.6	Matches
519	Florian Thauvin	fr FRA	FW,MF	Udinese	30-125	1993	5.2	0	8	3	37.5	1.54	0.58	0.00	0.00	17.7	0	0	0	0.6	0.6	0.08	-0.6	-0.6	Matches
520	Malick Thiaw	de GER	DF	Milan	21-296	2001	14.1	0	8	3	37.5	0.57	0.21	0.00	0.00	10.9	0	0	0	0.8	0.8	0.11	-0.8	-0.8	Matches
521	Kristian Thorstvedt	no NOR	MF	Sassuolo	24-079	1999	12.6	2	20	8	40.0	1.58	0.63	0.10	0.25	16.4	0	0	0	2.1	2.1	0.11	-0.1	-0.1	Matches
522	Jeremy Toljan	de GER	DF	Sassuolo	28-296	1994	28.7	0	5	0	0.0	0.17	0.00	0.00		18.1	0	0	0	0.5	0.5	0.10	-0.5	-0.5	Matches
523	Rafael Tolói	it ITA	DF	Atalanta	32-233	1990	29.9	2	29	9	31.0	0.97	0.30	0.07	0.22	13.2	0	0	0	2.8	2.8	0.10	-0.8	-0.8	Matches
524	Fikayo Tomori	eng ENG	DF	Milan	25-163	1997	29.7	1	9	4	44.4	0.30	0.13	0.11	0.25	14.1	0	0	0	1.3	1.3	0.15	-0.3	-0.3	Matches
525	Sandro Tonali	it ITA	MF	Milan	23-023	2000	29.1	2	32	14	43.8	1.10	0.48	0.06	0.14	22.2	6	0	0	2.4	2.4	0.07	-0.4	-0.4	Matches
526	Lorenzo Tonelli	it ITA	DF	Empoli	33-134	1990	0.2	0	0	0		0.00	0.00				0	0	0	0.0	0.0		0.0	0.0	Matches
527	William Troost-Ekong	ng NGA	DF	Salernitana	29-272	1993	4.9	1	1	1	100.0	0.20	0.20	1.00	1.00	6.2	0	0	0	0.7	0.7	0.66	+0.3	+0.3	Matches
528	Frank Tsadjout	it ITA	FW,MF	Cremonese	23-307	1999	11.2	2	24	8	33.3	2.14	0.71	0.08	0.25	17.3	0	0	0	1.9	1.9	0.08	+0.1	+0.1	Matches
529	Alessandro Tuia	it ITA	DF	Lecce	32-357	1990	5.7	0	2	1	50.0	0.35	0.18	0.00	0.00	11.6	0	0	0	0.1	0.1	0.05	-0.1	-0.1	Matches
530	Martin Turk	si SVN	GK	Sampdoria	19-283	2003	3.0	0	0	0		0.00	0.00				0	0	0	0.0	0.0		0.0	0.0	Matches
531	Iyenoma Udogie	it ITA	DF	Udinese	20-184	2002	29.0	3	26	7	26.9	0.90	0.24	0.12	0.43	14.0	0	0	0	2.8	2.8	0.11	+0.2	+0.2	Matches
532	Samuel Umtiti	fr FRA	DF	Lecce	29-198	1993	22.5	0	12	0	0.0	0.53	0.00	0.00		16.4	0	0	0	0.8	0.8	0.07	-0.8	-0.8	Matches
533	Diego Valencia	cl CHI	MF,FW	Salernitana	23-137	2000	2.6	0	1	1	100.0	0.39	0.39	0.00	0.00	10.0	0	0	0	0.1	0.1	0.12	-0.1	-0.1	Matches
534	Emanuele Valeri	it ITA	DF	Cremonese	24-175	1998	29.9	2	39	6	15.4	1.30	0.20	0.05	0.33	21.1	2	0	0	2.2	2.2	0.06	-0.2	-0.2	Matches
535	Mattia Valoti	it ITA	MF,FW	Monza	29-267	1993	5.0	0	2	1	50.0	0.40	0.20	0.00	0.00	9.0	0	0	0	0.2	0.2	0.08	-0.2	-0.2	Matches
536	Johan Vásquez	mx MEX	DF	Cremonese	24-221	1998	19.1	1	11	1	9.1	0.57	0.05	0.09	1.00	11.4	0	0	0	0.7	0.7	0.06	+0.3	+0.3	Matches
537	Matías Vecino	uy URU	MF	Lazio	31-280	1991	18.0	2	24	5	20.8	1.33	0.28	0.08	0.40	18.9	0	0	0	2.4	2.4	0.10	-0.4	-0.4	Matches
538	Miguel Veloso	pt POR	MF	Hellas Verona	37-020	1986	12.3	0	15	2	13.3	1.22	0.16	0.00	0.00	23.6	2	0	0	0.5	0.5	0.03	-0.5	-0.5	Matches
539	Lorenzo Venuti	it ITA	DF	Fiorentina	28-049	1995	10.1	0	7	4	57.1	0.70	0.40	0.00	0.00	22.1	0	0	0	0.4	0.4	0.06	-0.4	-0.4	Matches
540	Daniele Verde	it ITA	FW,MF	Spezia	26-345	1996	11.0	3	32	10	31.3	2.90	0.91	0.06	0.20	21.6	1	1	1	2.9	2.1	0.07	+0.1	-0.1	Matches
541	Simone Verdi	it ITA	MF,FW	Hellas Verona	30-323	1992	11.8	5	29	10	34.5	2.45	0.85	0.14	0.40	20.9	6	1	1	2.6	1.8	0.06	+2.4	+2.2	Matches
542	Valerio Verre	it ITA	MF	Sampdoria	29-140	1994	7.5	0	14	3	21.4	1.86	0.40	0.00	0.00	25.3	0	0	0	0.6	0.6	0.04	-0.6	-0.6	Matches
543	Guglielmo Vicario	it ITA	GK	Empoli	26-236	1996	30.0	0	0	0		0.00	0.00				0	0	0	0.0	0.0		0.0	0.0	Matches
544	Ronaldo Vieira	gw GNB	MF	Torino	24-316	1998	0.2	0	0	0		0.00	0.00					0	0						Matches
545	Ronaldo Vieira	gw GNB	MF	Sampdoria	24-316	1998	9.1	0	6	1	16.7	0.66	0.11	0.00	0.00			0	0						Matches
546	Emanuel Vignato	it ITA	MF,FW	Bologna	22-280	2000	2.7	0	1	1	100.0	0.37	0.37	0.00	0.00	14.0	0	0	0	0.1	0.1	0.09	-0.1	-0.1	Matches
547	Emanuel Vignato	it ITA	MF,FW	Empoli	22-280	2000	0.6	1	2	1	50.0	3.16	1.58	0.50	1.00	19.7	0	0	0	0.2	0.2	0.10	+0.8	+0.8	Matches
548	Samuele Vignato	it ITA	MF,FW	Monza	19-096	2004	0.7	0	1	0	0.0	1.48	0.00	0.00		21.9	0	0	0	0.1	0.1	0.07	-0.1	-0.1	Matches
549	Tonny Vilhena	nl NED	MF	Salernitana	28-148	1995	25.2	4	31	9	29.0	1.23	0.36	0.13	0.44	26.0	1	0	0	2.4	2.4	0.08	+1.6	+1.6	Matches
550	Gonzalo Villar	es ESP	MF	Sampdoria	25-069	1998	7.7	0	1	0	0.0	0.13	0.00	0.00		26.1	0	0	0	0.0	0.0	0.03	0.0	0.0	Matches
551	Matías Viña	uy URU	DF	Roma	25-203	1997	0.6	0	0	0		0.00	0.00				0	0	0	0.0	0.0		0.0	0.0	Matches
552	Dušan Vlahović	rs SRB	FW	Juventus	23-123	2000	21.4	10	65	20	30.8	3.04	0.94	0.12	0.40	15.5	4	2	3	9.7	7.3	0.11	+0.3	+0.7	Matches
553	Nikola Vlašić	hr CRO	MF,FW	Torino	25-239	1997	29.3	5	52	21	40.4	1.77	0.72	0.10	0.24	17.9	1	0	0	4.2	4.2	0.08	+0.8	+0.8	Matches
554	Joel Voelkerling Persson	se SWE	FW,MF	Lecce	20-136	2003	1.1	0	1	0	0.0	0.92	0.00	0.00		13.1	0	0	0	0.0	0.0	0.04	0.0	0.0	Matches
555	Mërgim Vojvoda	xk KVX	DF	Torino	28-119	1995	18.5	0	22	6	27.3	1.19	0.32	0.00	0.00	17.0	0	0	0	1.5	1.5	0.07	-1.5	-1.5	Matches
556	Cristian Volpato	it ITA	MF	Roma	19-197	2003	2.5	1	4	1	25.0	1.59	0.40	0.25	1.00	15.7	0	0	0	0.4	0.4	0.09	+0.6	+0.6	Matches
557	Lukáš Vorlický	cz CZE	MF,FW	Atalanta	21-133	2002	0.3	0	1	1	100.0	3.75	3.75	0.00	0.00	24.1	0	0	0	0.0	0.0	0.05	0.0	0.0	Matches
558	Aster Vranckx	be BEL	MF	Milan	20-239	2002	2.7	0	2	0	0.0	0.75	0.00	0.00		29.4	0	0	0	0.1	0.1	0.03	-0.1	-0.1	Matches
559	Stefan de Vrij	nl NED	DF	Inter	31-115	1992	20.6	1	19	5	26.3	0.92	0.24	0.05	0.20	9.1	0	0	0	2.1	2.1	0.11	-1.1	-1.1	Matches
560	Walace	br BRA	MF	Udinese	28-057	1995	34.9	0	32	6	18.8	0.92	0.17	0.00	0.00	26.4	0	0	0	1.1	1.1	0.04	-1.1	-1.1	Matches
561	Sebastian Walukiewicz	pl POL	DF	Empoli	23-056	2000	5.7	0	2	1	50.0	0.35	0.18	0.00	0.00	7.2	0	0	0	0.3	0.3	0.17	-0.3	-0.3	Matches
562	Georginio Wijnaldum	nl NED	MF	Roma	32-201	1990	8.4	2	19	4	21.1	2.25	0.47	0.11	0.50	15.1	0	0	0	2.1	2.1	0.11	-0.1	-0.1	Matches
563	Harry Winks	eng ENG	MF	Sampdoria	27-118	1996	19.1	0	14	0	0.0	0.73	0.00	0.00		24.7	0	0	0	0.6	0.6	0.04	-0.6	-0.6	Matches
564	Przemysław Wiśniewski	pl POL	DF	Spezia	24-308	1998	10.1	1	6	3	50.0	0.59	0.30	0.17	0.33	9.8	0	0	0	1.2	1.2	0.21	-0.2	-0.2	Matches
565	Gerard Yepes	es ESP	MF	Sampdoria	20-279	2002	2.2	0	1	0	0.0	0.45	0.00	0.00		18.7	0	0	0	0.1	0.1	0.06	-0.1	-0.1	Matches
566	Mattia Zaccagni	it ITA	FW	Lazio	27-349	1995	30.5	10	54	22	40.7	1.77	0.72	0.17	0.41	16.9	1	1	1	6.5	5.7	0.11	+3.5	+3.3	Matches
567	Denis Zakaria	ch SUI	MF	Juventus	26-192	1996	1.4	0	0	0		0.00	0.00				0	0	0	0.0	0.0		0.0	0.0	Matches
568	Nicola Zalewski	pl POL	DF	Roma	21-128	2002	23.4	1	28	8	28.6	1.20	0.34	0.04	0.13	23.0	1	0	0	1.3	1.3	0.05	-0.3	-0.3	Matches
569	Andre-Frank Zambo Anguissa	cm CMR	MF	Napoli	27-196	1995	33.0	3	48	14	29.2	1.45	0.42	0.06	0.21	17.9	1	0	0	4.3	4.3	0.09	-1.3	-1.3	Matches
570	Luca Zanimacchia	it ITA	MF,FW	Cremonese	24-316	1998	8.3	0	19	4	21.1	2.29	0.48	0.00	0.00	19.9	2	0	0	1.2	1.2	0.06	-1.2	-1.2	Matches
571	Nicolò Zaniolo	it ITA	MF,FW	Roma	23-333	1999	9.9	1	28	7	25.0	2.83	0.71	0.04	0.14	17.2	0	0	0	2.9	2.9	0.10	-1.9	-1.9	Matches
572	Alessandro Zanoli	it ITA	DF	Sampdoria	22-240	2000	16.1	2	14	6	42.9	0.87	0.37	0.14	0.33	14.4	0	0	0	2.4	2.4	0.17	-0.4	-0.4	Matches
573	Alessandro Zanoli	it ITA	DF	Napoli	22-240	2000	0.1	0	1	1	100.0	7.50	7.50	0.00	0.00	13.0	0	0	0	0.1	0.1	0.06	-0.1	-0.1	Matches
574	Mattia Zanotti	it ITA	DF	Inter	20-140	2003	0.3	0	0	0		0.00	0.00				0	0	0	0.0	0.0		0.0	0.0	Matches
575	Duván Zapata	co COL	FW	Atalanta	32-060	1991	15.5	2	41	8	19.5	2.65	0.52	0.05	0.25	15.6	0	0	0	3.9	3.9	0.10	-1.9	-1.9	Matches
576	Davide Zappacosta	it ITA	DF	Atalanta	30-354	1992	15.4	4	24	10	41.7	1.56	0.65	0.17	0.40	16.6	0	0	0	1.5	1.5	0.06	+2.5	+2.5	Matches
577	Karim Zedadka	fr FRA	FW	Napoli	22-356	2000	0.2	0	0	0		0.00	0.00				0	0	0	0.0	0.0		0.0	0.0	Matches
578	Deyovaisio Zeefuik	nl NED	DF	Hellas Verona	25-081	1998	0.1	0	0	0		0.00	0.00				0	0	0	0.0	0.0		0.0	0.0	Matches
579	Marvin Zeegelaar	nl NED	DF	Udinese	32-292	1990	3.9	1	3	1	33.3	0.76	0.25	0.33	1.00	11.7	0	0	0	0.2	0.2	0.07	+0.8	+0.8	Matches
580	Alessio Zerbin	it ITA	FW	Napoli	24-089	1999	2.2	0	5	3	60.0	2.27	1.36	0.00	0.00	19.1	0	0	0	0.3	0.3	0.05	-0.3	-0.3	Matches
581	Piotr Zieliński	pl POL	MF	Napoli	29-011	1994	24.7	3	52	19	36.5	2.11	0.77	0.06	0.16	22.6	6	0	0	3.4	3.4	0.06	-0.4	-0.4	Matches
582	David Zima	cz CZE	DF	Torino	22-204	2000	4.5	0	4	2	50.0	0.89	0.44	0.00	0.00	12.0	0	0	0	0.8	0.8	0.20	-0.8	-0.8	Matches
583	Joshua Zirkzee	nl NED	FW	Bologna	22-009	2001	8.9	1	28	7	25.0	3.13	0.78	0.04	0.14	16.1	0	0	0	3.0	3.0	0.11	-2.0	-2.0	Matches
584	Jeroen Zoet	nl NED	GK	Spezia	32-145	1991	2.7	0	0	0		0.00	0.00				0	0	0	0.0	0.0		0.0	0.0	Matches
585	Nadir Zortea	it ITA	DF,MF	Atalanta	23-346	1999	2.5	1	4	3	75.0	1.62	1.22	0.25	0.33	20.4	0	0	0	0.1	0.1	0.03	+0.9	+0.9	Matches
586	Nadir Zortea	it ITA	DF	Sassuolo	23-346	1999	7.3	0	5	2	40.0	0.68	0.27	0.00	0.00	23.8	0	0	0	0.2	0.2	0.04	-0.2	-0.2	Matches
587	Petar Zovko	ba BIH	GK	Spezia	21-067	2002	0.8	0	0	0		0.00	0.00				0	0	0	0.0	0.0		0.0	0.0	Matches
588	Szymon Żurkowski	pl POL	MF	Fiorentina	25-248	1997	0.4	0	2	1	50.0	5.63	2.81	0.00	0.00	15.2	0	0	0	0.1	0.1	0.06	-0.1	-0.1	Matches
589	Szymon Żurkowski	pl POL	MF	Spezia	25-248	1997	3.8	0	5	1	20.0	1.32	0.26	0.00	0.00	24.5	0	0	0	0.2	0.2	0.03	-0.2	-0.2	Matches
590	Milan Đurić	ba BIH	FW	Hellas Verona	33-009	1990	14.5	1	16	5	31.3	1.10	0.34	0.06	0.20	10.7	0	0	0	1.4	1.4	0.09	-0.4	-0.4	Matches
591	Filip Đuričić	rs SRB	MF,FW	Sampdoria	31-121	1992	24.1	3	26	12	46.2	1.08	0.50	0.12	0.25	18.3	1	0	0	2.7	2.7	0.10	+0.3	+0.3	Matches